code,name_en,definition_en,unit_code,topic,source_concept
CENSUS_HHLD01_ROWTOTAL,Ownership Of House: rowtotal (Census 2021),"Source column rowtotal from Hhld01_OwnershipOfHouse.csv, National Population and Housing Census 2021. Source dimension labels and codes are preserved in observation breakdowns; opaque source vocabulary is not guessed.",HOUSEHOLDS,population,Hhld01_OwnershipOfHouse:rowtotal
CENSUS_HHLD01_A_OWN,Ownership Of House: a_Own (Census 2021),"Source column a_Own from Hhld01_OwnershipOfHouse.csv, National Population and Housing Census 2021. Source dimension labels and codes are preserved in observation breakdowns; opaque source vocabulary is not guessed.",HOUSEHOLDS,population,Hhld01_OwnershipOfHouse:a_Own
CENSUS_HHLD01_B_RENTED,Ownership Of House: b_Rented (Census 2021),"Source column b_Rented from Hhld01_OwnershipOfHouse.csv, National Population and Housing Census 2021. Source dimension labels and codes are preserved in observation breakdowns; opaque source vocabulary is not guessed.",HOUSEHOLDS,population,Hhld01_OwnershipOfHouse:b_Rented
CENSUS_HHLD01_C_INSTITUTNL,Ownership Of House: c_Institutnl (Census 2021),"Source column c_Institutnl from Hhld01_OwnershipOfHouse.csv, National Population and Housing Census 2021. Source dimension labels and codes are preserved in observation breakdowns; opaque source vocabulary is not guessed.",HOUSEHOLDS,population,Hhld01_OwnershipOfHouse:c_Institutnl
CENSUS_HHLD01_D_OTHER,Ownership Of House: d_Other (Census 2021),"Source column d_Other from Hhld01_OwnershipOfHouse.csv, National Population and Housing Census 2021. Source dimension labels and codes are preserved in observation breakdowns; opaque source vocabulary is not guessed.",HOUSEHOLDS,population,Hhld01_OwnershipOfHouse:d_Other
CENSUS_HHLD02_ROWTOTAL,Foundation Of House: rowtotal (Census 2021),"Source column rowtotal from Hhld02_FoundationOfHouse.csv, National Population and Housing Census 2021. Source dimension labels and codes are preserved in observation breakdowns; opaque source vocabulary is not guessed.",HOUSEHOLDS,health,Hhld02_FoundationOfHouse:rowtotal
CENSUS_HHLD02_A_MUDBONDBRICK,Foundation Of House: a_MudBondBrick (Census 2021),"Source column a_MudBondBrick from Hhld02_FoundationOfHouse.csv, National Population and Housing Census 2021. Source dimension labels and codes are preserved in observation breakdowns; opaque source vocabulary is not guessed.",HOUSEHOLDS,health,Hhld02_FoundationOfHouse:a_MudBondBrick
CENSUS_HHLD02_B_CMNTBONDBRICK,Foundation Of House: b_CmntBondBrick (Census 2021),"Source column b_CmntBondBrick from Hhld02_FoundationOfHouse.csv, National Population and Housing Census 2021. Source dimension labels and codes are preserved in observation breakdowns; opaque source vocabulary is not guessed.",HOUSEHOLDS,health,Hhld02_FoundationOfHouse:b_CmntBondBrick
CENSUS_HHLD02_C_RCC,Foundation Of House: c_RCC (Census 2021),"Source column c_RCC from Hhld02_FoundationOfHouse.csv, National Population and Housing Census 2021. Source dimension labels and codes are preserved in observation breakdowns; opaque source vocabulary is not guessed.",HOUSEHOLDS,health,Hhld02_FoundationOfHouse:c_RCC
CENSUS_HHLD02_D_WOODPILLAR,Foundation Of House: d_WoodPillar (Census 2021),"Source column d_WoodPillar from Hhld02_FoundationOfHouse.csv, National Population and Housing Census 2021. Source dimension labels and codes are preserved in observation breakdowns; opaque source vocabulary is not guessed.",HOUSEHOLDS,health,Hhld02_FoundationOfHouse:d_WoodPillar
CENSUS_HHLD02_E_OTHER,Foundation Of House: e_Other (Census 2021),"Source column e_Other from Hhld02_FoundationOfHouse.csv, National Population and Housing Census 2021. Source dimension labels and codes are preserved in observation breakdowns; opaque source vocabulary is not guessed.",HOUSEHOLDS,health,Hhld02_FoundationOfHouse:e_Other
CENSUS_HHLD03_ROWTOTAL,Outerwall Of House: rowtotal (Census 2021),"Source column rowtotal from Hhld03_OuterwallOfHouse.csv, National Population and Housing Census 2021. Source dimension labels and codes are preserved in observation breakdowns; opaque source vocabulary is not guessed.",HOUSEHOLDS,health,Hhld03_OuterwallOfHouse:rowtotal
CENSUS_HHLD03_A_MUDBONDBRICK,Outerwall Of House: a_MudBondBrick (Census 2021),"Source column a_MudBondBrick from Hhld03_OuterwallOfHouse.csv, National Population and Housing Census 2021. Source dimension labels and codes are preserved in observation breakdowns; opaque source vocabulary is not guessed.",HOUSEHOLDS,health,Hhld03_OuterwallOfHouse:a_MudBondBrick
CENSUS_HHLD03_B_CMNTBONDBRICK,Outerwall Of House: b_CmntBondBrick (Census 2021),"Source column b_CmntBondBrick from Hhld03_OuterwallOfHouse.csv, National Population and Housing Census 2021. Source dimension labels and codes are preserved in observation breakdowns; opaque source vocabulary is not guessed.",HOUSEHOLDS,health,Hhld03_OuterwallOfHouse:b_CmntBondBrick
CENSUS_HHLD03_C_WOOD,Outerwall Of House: c_Wood (Census 2021),"Source column c_Wood from Hhld03_OuterwallOfHouse.csv, National Population and Housing Census 2021. Source dimension labels and codes are preserved in observation breakdowns; opaque source vocabulary is not guessed.",HOUSEHOLDS,health,Hhld03_OuterwallOfHouse:c_Wood
CENSUS_HHLD03_D_BAMBOO,Outerwall Of House: d_Bamboo (Census 2021),"Source column d_Bamboo from Hhld03_OuterwallOfHouse.csv, National Population and Housing Census 2021. Source dimension labels and codes are preserved in observation breakdowns; opaque source vocabulary is not guessed.",HOUSEHOLDS,health,Hhld03_OuterwallOfHouse:d_Bamboo
CENSUS_HHLD03_E_UNBAKEBRICK,Outerwall Of House: e_UnbakeBrick (Census 2021),"Source column e_UnbakeBrick from Hhld03_OuterwallOfHouse.csv, National Population and Housing Census 2021. Source dimension labels and codes are preserved in observation breakdowns; opaque source vocabulary is not guessed.",HOUSEHOLDS,health,Hhld03_OuterwallOfHouse:e_UnbakeBrick
CENSUS_HHLD03_F_GALVSHEET,Outerwall Of House: f_GalvSheet (Census 2021),"Source column f_GalvSheet from Hhld03_OuterwallOfHouse.csv, National Population and Housing Census 2021. Source dimension labels and codes are preserved in observation breakdowns; opaque source vocabulary is not guessed.",HOUSEHOLDS,health,Hhld03_OuterwallOfHouse:f_GalvSheet
CENSUS_HHLD03_G_PREFAB,Outerwall Of House: g_Prefab (Census 2021),"Source column g_Prefab from Hhld03_OuterwallOfHouse.csv, National Population and Housing Census 2021. Source dimension labels and codes are preserved in observation breakdowns; opaque source vocabulary is not guessed.",HOUSEHOLDS,health,Hhld03_OuterwallOfHouse:g_Prefab
CENSUS_HHLD03_H_OTHER,Outerwall Of House: h_Other (Census 2021),"Source column h_Other from Hhld03_OuterwallOfHouse.csv, National Population and Housing Census 2021. Source dimension labels and codes are preserved in observation breakdowns; opaque source vocabulary is not guessed.",HOUSEHOLDS,health,Hhld03_OuterwallOfHouse:h_Other
CENSUS_HHLD04_ROWTOTAL,Roof Of House: rowtotal (Census 2021),"Source column rowtotal from Hhld04_RoofOfHouse.csv, National Population and Housing Census 2021. Source dimension labels and codes are preserved in observation breakdowns; opaque source vocabulary is not guessed.",HOUSEHOLDS,health,Hhld04_RoofOfHouse:rowtotal
CENSUS_HHLD04_A_GALVSHEET,Roof Of House: a_GalvSheet (Census 2021),"Source column a_GalvSheet from Hhld04_RoofOfHouse.csv, National Population and Housing Census 2021. Source dimension labels and codes are preserved in observation breakdowns; opaque source vocabulary is not guessed.",HOUSEHOLDS,health,Hhld04_RoofOfHouse:a_GalvSheet
CENSUS_HHLD04_B_CEMENT,Roof Of House: b_Cement (Census 2021),"Source column b_Cement from Hhld04_RoofOfHouse.csv, National Population and Housing Census 2021. Source dimension labels and codes are preserved in observation breakdowns; opaque source vocabulary is not guessed.",HOUSEHOLDS,health,Hhld04_RoofOfHouse:b_Cement
CENSUS_HHLD04_C_THATCH,Roof Of House: c_Thatch (Census 2021),"Source column c_Thatch from Hhld04_RoofOfHouse.csv, National Population and Housing Census 2021. Source dimension labels and codes are preserved in observation breakdowns; opaque source vocabulary is not guessed.",HOUSEHOLDS,health,Hhld04_RoofOfHouse:c_Thatch
CENSUS_HHLD04_D_TILE,Roof Of House: d_Tile (Census 2021),"Source column d_Tile from Hhld04_RoofOfHouse.csv, National Population and Housing Census 2021. Source dimension labels and codes are preserved in observation breakdowns; opaque source vocabulary is not guessed.",HOUSEHOLDS,health,Hhld04_RoofOfHouse:d_Tile
CENSUS_HHLD04_E_STONE,Roof Of House: e_Stone (Census 2021),"Source column e_Stone from Hhld04_RoofOfHouse.csv, National Population and Housing Census 2021. Source dimension labels and codes are preserved in observation breakdowns; opaque source vocabulary is not guessed.",HOUSEHOLDS,health,Hhld04_RoofOfHouse:e_Stone
CENSUS_HHLD04_F_WOOD,Roof Of House: f_Wood (Census 2021),"Source column f_Wood from Hhld04_RoofOfHouse.csv, National Population and Housing Census 2021. Source dimension labels and codes are preserved in observation breakdowns; opaque source vocabulary is not guessed.",HOUSEHOLDS,health,Hhld04_RoofOfHouse:f_Wood
CENSUS_HHLD04_G_MUD,Roof Of House: g_Mud (Census 2021),"Source column g_Mud from Hhld04_RoofOfHouse.csv, National Population and Housing Census 2021. Source dimension labels and codes are preserved in observation breakdowns; opaque source vocabulary is not guessed.",HOUSEHOLDS,health,Hhld04_RoofOfHouse:g_Mud
CENSUS_HHLD04_H_OTHER,Roof Of House: h_Other (Census 2021),"Source column h_Other from Hhld04_RoofOfHouse.csv, National Population and Housing Census 2021. Source dimension labels and codes are preserved in observation breakdowns; opaque source vocabulary is not guessed.",HOUSEHOLDS,health,Hhld04_RoofOfHouse:h_Other
CENSUS_HHLD07_ROWTOTAL,Households by cooking fuel (Census 2021),"Source column rowtotal from Hhld07_TypeOfCookingFuel.csv, National Population and Housing Census 2021. Source dimension labels and codes are preserved in observation breakdowns; opaque source vocabulary is not guessed.",HOUSEHOLDS,health,Hhld07_TypeOfCookingFuel:rowtotal
CENSUS_HHLD07_A_FIREWOOD,Cooking fuel: firewood (Census 2021),"Source column a_firewood from Hhld07_TypeOfCookingFuel.csv, National Population and Housing Census 2021. Source dimension labels and codes are preserved in observation breakdowns; opaque source vocabulary is not guessed.",HOUSEHOLDS,health,Hhld07_TypeOfCookingFuel:a_firewood
CENSUS_HHLD07_B_LPGAS,Cooking fuel: LP gas (Census 2021),"Source column b_LPGas from Hhld07_TypeOfCookingFuel.csv, National Population and Housing Census 2021. Source dimension labels and codes are preserved in observation breakdowns; opaque source vocabulary is not guessed.",HOUSEHOLDS,health,Hhld07_TypeOfCookingFuel:b_LPGas
CENSUS_HHLD07_C_ELECTRICITY,Cooking fuel: electricity (Census 2021),"Source column c_Electricity from Hhld07_TypeOfCookingFuel.csv, National Population and Housing Census 2021. Source dimension labels and codes are preserved in observation breakdowns; opaque source vocabulary is not guessed.",HOUSEHOLDS,health,Hhld07_TypeOfCookingFuel:c_Electricity
CENSUS_HHLD07_D_COWDUNG,Cooking fuel: cow dung (Census 2021),"Source column d_Cowdung from Hhld07_TypeOfCookingFuel.csv, National Population and Housing Census 2021. Source dimension labels and codes are preserved in observation breakdowns; opaque source vocabulary is not guessed.",HOUSEHOLDS,health,Hhld07_TypeOfCookingFuel:d_Cowdung
CENSUS_HHLD07_E_BIOGAS,Cooking fuel: biogas (Census 2021),"Source column e_BioGas from Hhld07_TypeOfCookingFuel.csv, National Population and Housing Census 2021. Source dimension labels and codes are preserved in observation breakdowns; opaque source vocabulary is not guessed.",HOUSEHOLDS,health,Hhld07_TypeOfCookingFuel:e_BioGas
CENSUS_HHLD07_F_KEROSENE,Cooking fuel: kerosene (Census 2021),"Source column f_Kerosene from Hhld07_TypeOfCookingFuel.csv, National Population and Housing Census 2021. Source dimension labels and codes are preserved in observation breakdowns; opaque source vocabulary is not guessed.",HOUSEHOLDS,health,Hhld07_TypeOfCookingFuel:f_Kerosene
CENSUS_HHLD07_G_OTHERS,Cooking fuel: other (Census 2021),"Source column g_Others from Hhld07_TypeOfCookingFuel.csv, National Population and Housing Census 2021. Source dimension labels and codes are preserved in observation breakdowns; opaque source vocabulary is not guessed.",HOUSEHOLDS,health,Hhld07_TypeOfCookingFuel:g_Others
CENSUS_HHLD08_ROWTOTAL,Source Of Lighting: rowtotal (Census 2021),"Source column rowtotal from Hhld08_SourceOfLighting.csv, National Population and Housing Census 2021. Source dimension labels and codes are preserved in observation breakdowns; opaque source vocabulary is not guessed.",HOUSEHOLDS,health,Hhld08_SourceOfLighting:rowtotal
CENSUS_HHLD08_A_ELECTRICITY,Source Of Lighting: a_Electricity (Census 2021),"Source column a_Electricity from Hhld08_SourceOfLighting.csv, National Population and Housing Census 2021. Source dimension labels and codes are preserved in observation breakdowns; opaque source vocabulary is not guessed.",HOUSEHOLDS,health,Hhld08_SourceOfLighting:a_Electricity
CENSUS_HHLD08_B_SOLAR,Source Of Lighting: b_Solar (Census 2021),"Source column b_Solar from Hhld08_SourceOfLighting.csv, National Population and Housing Census 2021. Source dimension labels and codes are preserved in observation breakdowns; opaque source vocabulary is not guessed.",HOUSEHOLDS,health,Hhld08_SourceOfLighting:b_Solar
CENSUS_HHLD08_C_KEROSENE,Source Of Lighting: c_Kerosene (Census 2021),"Source column c_Kerosene from Hhld08_SourceOfLighting.csv, National Population and Housing Census 2021. Source dimension labels and codes are preserved in observation breakdowns; opaque source vocabulary is not guessed.",HOUSEHOLDS,health,Hhld08_SourceOfLighting:c_Kerosene
CENSUS_HHLD08_D_BIOGAS,Source Of Lighting: d_BioGas (Census 2021),"Source column d_BioGas from Hhld08_SourceOfLighting.csv, National Population and Housing Census 2021. Source dimension labels and codes are preserved in observation breakdowns; opaque source vocabulary is not guessed.",HOUSEHOLDS,health,Hhld08_SourceOfLighting:d_BioGas
CENSUS_HHLD08_E_OTHERS,Source Of Lighting: e_Others (Census 2021),"Source column e_Others from Hhld08_SourceOfLighting.csv, National Population and Housing Census 2021. Source dimension labels and codes are preserved in observation breakdowns; opaque source vocabulary is not guessed.",HOUSEHOLDS,health,Hhld08_SourceOfLighting:e_Others
CENSUS_HHLD09_ROWTOTAL,Households by toilet type (Census 2021),"Source column rowtotal from Hhld09_TypeOfToiletUsed.csv, National Population and Housing Census 2021. Source dimension labels and codes are preserved in observation breakdowns; opaque source vocabulary is not guessed.",HOUSEHOLDS,health,Hhld09_TypeOfToiletUsed:rowtotal
CENSUS_HHLD09_A_FLUSHTOILET1,Toilet: flush toilet (a_FlushToilet1) (Census 2021),"Source column a_FlushToilet1 from Hhld09_TypeOfToiletUsed.csv, National Population and Housing Census 2021. Source dimension labels and codes are preserved in observation breakdowns; opaque source vocabulary is not guessed.",HOUSEHOLDS,health,Hhld09_TypeOfToiletUsed:a_FlushToilet1
CENSUS_HHLD09_B_FLUSHTOILET2,Toilet: flush toilet (b_FlushToilet2) (Census 2021),"Source column b_FlushToilet2 from Hhld09_TypeOfToiletUsed.csv, National Population and Housing Census 2021. Source dimension labels and codes are preserved in observation breakdowns; opaque source vocabulary is not guessed.",HOUSEHOLDS,health,Hhld09_TypeOfToiletUsed:b_FlushToilet2
CENSUS_HHLD09_C_ORDINARY,Toilet: ordinary (Census 2021),"Source column c_Ordinary from Hhld09_TypeOfToiletUsed.csv, National Population and Housing Census 2021. Source dimension labels and codes are preserved in observation breakdowns; opaque source vocabulary is not guessed.",HOUSEHOLDS,health,Hhld09_TypeOfToiletUsed:c_Ordinary
CENSUS_HHLD09_D_PUBLIC,Toilet: public (Census 2021),"Source column d_Public from Hhld09_TypeOfToiletUsed.csv, National Population and Housing Census 2021. Source dimension labels and codes are preserved in observation breakdowns; opaque source vocabulary is not guessed.",HOUSEHOLDS,health,Hhld09_TypeOfToiletUsed:d_Public
CENSUS_HHLD09_E_NOTOILET,Toilet: none (Census 2021),"Source column e_NoToilet from Hhld09_TypeOfToiletUsed.csv, National Population and Housing Census 2021. Source dimension labels and codes are preserved in observation breakdowns; opaque source vocabulary is not guessed.",HOUSEHOLDS,health,Hhld09_TypeOfToiletUsed:e_NoToilet
CENSUS_HHLD10_ROWTOTAL,Households by facilities owned (Census 2021),"Source column rowtotal from Hhld10_HouseholdFacility.csv, National Population and Housing Census 2021. Source dimension labels and codes are preserved in observation breakdowns; opaque source vocabulary is not guessed.",HOUSEHOLDS,health,Hhld10_HouseholdFacility:rowtotal
CENSUS_HHLD10_X_NOFACILITY,Facilities: none of the listed (Census 2021),"Source column x_NoFacility from Hhld10_HouseholdFacility.csv, National Population and Housing Census 2021. Source dimension labels and codes are preserved in observation breakdowns; opaque source vocabulary is not guessed.",HOUSEHOLDS,health,Hhld10_HouseholdFacility:x_NoFacility
CENSUS_HHLD10_ATLEASTONE,Facilities: at least one (Census 2021),"Source column atleastOne from Hhld10_HouseholdFacility.csv, National Population and Housing Census 2021. Source dimension labels and codes are preserved in observation breakdowns; opaque source vocabulary is not guessed.",HOUSEHOLDS,health,Hhld10_HouseholdFacility:atleastOne
CENSUS_HHLD10_A_RADIO,Facility: radio (Census 2021),"Source column a_Radio from Hhld10_HouseholdFacility.csv, National Population and Housing Census 2021. Source dimension labels and codes are preserved in observation breakdowns; opaque source vocabulary is not guessed.",HOUSEHOLDS,health,Hhld10_HouseholdFacility:a_Radio
CENSUS_HHLD10_B_TV,Facility: television (Census 2021),"Source column b_TV from Hhld10_HouseholdFacility.csv, National Population and Housing Census 2021. Source dimension labels and codes are preserved in observation breakdowns; opaque source vocabulary is not guessed.",HOUSEHOLDS,health,Hhld10_HouseholdFacility:b_TV
CENSUS_HHLD10_C_LANDLINEPHONE,Facility: landline phone (Census 2021),"Source column c_LandLinePhone from Hhld10_HouseholdFacility.csv, National Population and Housing Census 2021. Source dimension labels and codes are preserved in observation breakdowns; opaque source vocabulary is not guessed.",HOUSEHOLDS,health,Hhld10_HouseholdFacility:c_LandLinePhone
CENSUS_HHLD10_D_MOBILEPHONE1,Facility: mobile phone (d_MobilePhone1) (Census 2021),"Source column d_MobilePhone1 from Hhld10_HouseholdFacility.csv, National Population and Housing Census 2021. Source dimension labels and codes are preserved in observation breakdowns; opaque source vocabulary is not guessed.",HOUSEHOLDS,health,Hhld10_HouseholdFacility:d_MobilePhone1
CENSUS_HHLD10_E_MOBILEPHONE2,Facility: mobile phone (e_MobilePhone2) (Census 2021),"Source column e_MobilePhone2 from Hhld10_HouseholdFacility.csv, National Population and Housing Census 2021. Source dimension labels and codes are preserved in observation breakdowns; opaque source vocabulary is not guessed.",HOUSEHOLDS,health,Hhld10_HouseholdFacility:e_MobilePhone2
CENSUS_HHLD10_F_COMPUTER,Facility: computer (Census 2021),"Source column f_Computer from Hhld10_HouseholdFacility.csv, National Population and Housing Census 2021. Source dimension labels and codes are preserved in observation breakdowns; opaque source vocabulary is not guessed.",HOUSEHOLDS,health,Hhld10_HouseholdFacility:f_Computer
CENSUS_HHLD10_G_INTERNET,Facility: internet (Census 2021),"Source column g_Internet from Hhld10_HouseholdFacility.csv, National Population and Housing Census 2021. Source dimension labels and codes are preserved in observation breakdowns; opaque source vocabulary is not guessed.",HOUSEHOLDS,health,Hhld10_HouseholdFacility:g_Internet
CENSUS_HHLD10_H_CARJEEP,Facility: car or jeep (Census 2021),"Source column h_CarJeep from Hhld10_HouseholdFacility.csv, National Population and Housing Census 2021. Source dimension labels and codes are preserved in observation breakdowns; opaque source vocabulary is not guessed.",HOUSEHOLDS,health,Hhld10_HouseholdFacility:h_CarJeep
CENSUS_HHLD10_I_MOTORCYCLE,Facility: motorcycle (Census 2021),"Source column i_Motorcycle from Hhld10_HouseholdFacility.csv, National Population and Housing Census 2021. Source dimension labels and codes are preserved in observation breakdowns; opaque source vocabulary is not guessed.",HOUSEHOLDS,health,Hhld10_HouseholdFacility:i_Motorcycle
CENSUS_HHLD10_J_BICYCLE,Facility: bicycle (Census 2021),"Source column j_Bicycle from Hhld10_HouseholdFacility.csv, National Population and Housing Census 2021. Source dimension labels and codes are preserved in observation breakdowns; opaque source vocabulary is not guessed.",HOUSEHOLDS,health,Hhld10_HouseholdFacility:j_Bicycle
CENSUS_HHLD10_K_ELECTRICFAN,Facility: electric fan (Census 2021),"Source column k_ElectricFan from Hhld10_HouseholdFacility.csv, National Population and Housing Census 2021. Source dimension labels and codes are preserved in observation breakdowns; opaque source vocabulary is not guessed.",HOUSEHOLDS,health,Hhld10_HouseholdFacility:k_ElectricFan
CENSUS_HHLD10_L_REFRIGERATOR,Facility: refrigerator (Census 2021),"Source column l_Refrigerator from Hhld10_HouseholdFacility.csv, National Population and Housing Census 2021. Source dimension labels and codes are preserved in observation breakdowns; opaque source vocabulary is not guessed.",HOUSEHOLDS,health,Hhld10_HouseholdFacility:l_Refrigerator
CENSUS_HHLD10_M_WASHINGMACHINE,Facility: washing machine (Census 2021),"Source column m_WashingMachine from Hhld10_HouseholdFacility.csv, National Population and Housing Census 2021. Source dimension labels and codes are preserved in observation breakdowns; opaque source vocabulary is not guessed.",HOUSEHOLDS,health,Hhld10_HouseholdFacility:m_WashingMachine
CENSUS_HHLD10_N_AIRCONDITIONR,Facility: air conditioner (Census 2021),"Source column n_AirConditionr from Hhld10_HouseholdFacility.csv, National Population and Housing Census 2021. Source dimension labels and codes are preserved in observation breakdowns; opaque source vocabulary is not guessed.",HOUSEHOLDS,health,Hhld10_HouseholdFacility:n_AirConditionr
CENSUS_HHLD11_ROWTOTAL,Female Ownership Of Fixed Asset: rowtotal (Census 2021),"Source column rowtotal from Hhld11_FemaleOwnershipOfFixedAsset.csv, National Population and Housing Census 2021. Source dimension labels and codes are preserved in observation breakdowns; opaque source vocabulary is not guessed.",HOUSEHOLDS,population,Hhld11_FemaleOwnershipOfFixedAsset:rowtotal
CENSUS_HHLD11_A_HOUSEONLY,Female Ownership Of Fixed Asset: a_HouseOnly (Census 2021),"Source column a_HouseOnly from Hhld11_FemaleOwnershipOfFixedAsset.csv, National Population and Housing Census 2021. Source dimension labels and codes are preserved in observation breakdowns; opaque source vocabulary is not guessed.",HOUSEHOLDS,population,Hhld11_FemaleOwnershipOfFixedAsset:a_HouseOnly
CENSUS_HHLD11_B_LANDONLY,Female Ownership Of Fixed Asset: b_LandOnly (Census 2021),"Source column b_LandOnly from Hhld11_FemaleOwnershipOfFixedAsset.csv, National Population and Housing Census 2021. Source dimension labels and codes are preserved in observation breakdowns; opaque source vocabulary is not guessed.",HOUSEHOLDS,population,Hhld11_FemaleOwnershipOfFixedAsset:b_LandOnly
CENSUS_HHLD11_C_HOUSEANDLAND,Female Ownership Of Fixed Asset: c_HouseAndLand (Census 2021),"Source column c_HouseAndLand from Hhld11_FemaleOwnershipOfFixedAsset.csv, National Population and Housing Census 2021. Source dimension labels and codes are preserved in observation breakdowns; opaque source vocabulary is not guessed.",HOUSEHOLDS,population,Hhld11_FemaleOwnershipOfFixedAsset:c_HouseAndLand
CENSUS_HHLD11_D_NOOWNERSHIP,Female Ownership Of Fixed Asset: d_NoOwnership (Census 2021),"Source column d_NoOwnership from Hhld11_FemaleOwnershipOfFixedAsset.csv, National Population and Housing Census 2021. Source dimension labels and codes are preserved in observation breakdowns; opaque source vocabulary is not guessed.",HOUSEHOLDS,population,Hhld11_FemaleOwnershipOfFixedAsset:d_NoOwnership
CENSUS_HHLD11_E_NOTSTD,Female Ownership Of Fixed Asset: e_notstd (Census 2021),"Source column e_notstd from Hhld11_FemaleOwnershipOfFixedAsset.csv, National Population and Housing Census 2021. Source dimension labels and codes are preserved in observation breakdowns; opaque source vocabulary is not guessed.",HOUSEHOLDS,population,Hhld11_FemaleOwnershipOfFixedAsset:e_notstd
CENSUS_HHLD12_ROWTOTAL,Small Scale Business: rowtotal (Census 2021),"Source column rowtotal from Hhld12_SmallScaleBusiness.csv, National Population and Housing Census 2021. Source dimension labels and codes are preserved in observation breakdowns; opaque source vocabulary is not guessed.",HOUSEHOLDS,economy,Hhld12_SmallScaleBusiness:rowtotal
CENSUS_HHLD12_NOBUSINESS,Small Scale Business: NoBusiness (Census 2021),"Source column NoBusiness from Hhld12_SmallScaleBusiness.csv, National Population and Housing Census 2021. Source dimension labels and codes are preserved in observation breakdowns; opaque source vocabulary is not guessed.",HOUSEHOLDS,economy,Hhld12_SmallScaleBusiness:NoBusiness
CENSUS_HHLD12_A_COTTAGE_M,Small Scale Business: a_Cottage_m (Census 2021),"Source column a_Cottage_m from Hhld12_SmallScaleBusiness.csv, National Population and Housing Census 2021. Source dimension labels and codes are preserved in observation breakdowns; opaque source vocabulary is not guessed.",HOUSEHOLDS,economy,Hhld12_SmallScaleBusiness:a_Cottage_m
CENSUS_HHLD12_A_COTTAGE_F,Small Scale Business: a_Cottage_f (Census 2021),"Source column a_Cottage_f from Hhld12_SmallScaleBusiness.csv, National Population and Housing Census 2021. Source dimension labels and codes are preserved in observation breakdowns; opaque source vocabulary is not guessed.",HOUSEHOLDS,economy,Hhld12_SmallScaleBusiness:a_Cottage_f
CENSUS_HHLD12_B_TRADE_M,Small Scale Business: b_Trade_m (Census 2021),"Source column b_Trade_m from Hhld12_SmallScaleBusiness.csv, National Population and Housing Census 2021. Source dimension labels and codes are preserved in observation breakdowns; opaque source vocabulary is not guessed.",HOUSEHOLDS,economy,Hhld12_SmallScaleBusiness:b_Trade_m
CENSUS_HHLD12_B_TRADE_F,Small Scale Business: b_Trade_f (Census 2021),"Source column b_Trade_f from Hhld12_SmallScaleBusiness.csv, National Population and Housing Census 2021. Source dimension labels and codes are preserved in observation breakdowns; opaque source vocabulary is not guessed.",HOUSEHOLDS,economy,Hhld12_SmallScaleBusiness:b_Trade_f
CENSUS_HHLD12_C_TRANSPRT_M,Small Scale Business: c_Transprt_m (Census 2021),"Source column c_Transprt_m from Hhld12_SmallScaleBusiness.csv, National Population and Housing Census 2021. Source dimension labels and codes are preserved in observation breakdowns; opaque source vocabulary is not guessed.",HOUSEHOLDS,economy,Hhld12_SmallScaleBusiness:c_Transprt_m
CENSUS_HHLD12_C_TRANSPRT_F,Small Scale Business: c_Transprt_f (Census 2021),"Source column c_Transprt_f from Hhld12_SmallScaleBusiness.csv, National Population and Housing Census 2021. Source dimension labels and codes are preserved in observation breakdowns; opaque source vocabulary is not guessed.",HOUSEHOLDS,economy,Hhld12_SmallScaleBusiness:c_Transprt_f
CENSUS_HHLD12_D_SERVICE_M,Small Scale Business: d_Service_m (Census 2021),"Source column d_Service_m from Hhld12_SmallScaleBusiness.csv, National Population and Housing Census 2021. Source dimension labels and codes are preserved in observation breakdowns; opaque source vocabulary is not guessed.",HOUSEHOLDS,economy,Hhld12_SmallScaleBusiness:d_Service_m
CENSUS_HHLD12_D_SERVICE_F,Small Scale Business: d_Service_f (Census 2021),"Source column d_Service_f from Hhld12_SmallScaleBusiness.csv, National Population and Housing Census 2021. Source dimension labels and codes are preserved in observation breakdowns; opaque source vocabulary is not guessed.",HOUSEHOLDS,economy,Hhld12_SmallScaleBusiness:d_Service_f
CENSUS_HHLD12_E_OTHERS_M,Small Scale Business: e_Others_m (Census 2021),"Source column e_Others_m from Hhld12_SmallScaleBusiness.csv, National Population and Housing Census 2021. Source dimension labels and codes are preserved in observation breakdowns; opaque source vocabulary is not guessed.",HOUSEHOLDS,economy,Hhld12_SmallScaleBusiness:e_Others_m
CENSUS_HHLD12_E_OTHERS_F,Small Scale Business: e_Others_f (Census 2021),"Source column e_Others_f from Hhld12_SmallScaleBusiness.csv, National Population and Housing Census 2021. Source dimension labels and codes are preserved in observation breakdowns; opaque source vocabulary is not guessed.",HOUSEHOLDS,economy,Hhld12_SmallScaleBusiness:e_Others_f
CENSUS_HHLD12_NOTSTD,Small Scale Business: notstd (Census 2021),"Source column notstd from Hhld12_SmallScaleBusiness.csv, National Population and Housing Census 2021. Source dimension labels and codes are preserved in observation breakdowns; opaque source vocabulary is not guessed.",HOUSEHOLDS,economy,Hhld12_SmallScaleBusiness:notstd
CENSUS_HHLD13_TOTHHLD,Household Having Death: TotHhld (Census 2021),"Source column TotHhld from Hhld13_HouseholdHavingDeath.csv, National Population and Housing Census 2021. Source dimension labels and codes are preserved in observation breakdowns; opaque source vocabulary is not guessed.",HOUSEHOLDS,health,Hhld13_HouseholdHavingDeath:TotHhld
CENSUS_HHLD13_DEADHHLD,Household Having Death: deadHhld (Census 2021),"Source column deadHhld from Hhld13_HouseholdHavingDeath.csv, National Population and Housing Census 2021. Source dimension labels and codes are preserved in observation breakdowns; opaque source vocabulary is not guessed.",HOUSEHOLDS,health,Hhld13_HouseholdHavingDeath:deadHhld
CENSUS_HHLD13_TOTAL,Household Having Death: total (Census 2021),"Source column total from Hhld13_HouseholdHavingDeath.csv, National Population and Housing Census 2021. Source dimension labels and codes are preserved in observation breakdowns; opaque source vocabulary is not guessed.",PERSONS,health,Hhld13_HouseholdHavingDeath:total
CENSUS_HHLD13_MALE,Household Having Death: male (Census 2021),"Source column male from Hhld13_HouseholdHavingDeath.csv, National Population and Housing Census 2021. Source dimension labels and codes are preserved in observation breakdowns; opaque source vocabulary is not guessed.",PERSONS,health,Hhld13_HouseholdHavingDeath:male
CENSUS_HHLD13_FEMALE,Household Having Death: female (Census 2021),"Source column female from Hhld13_HouseholdHavingDeath.csv, National Population and Housing Census 2021. Source dimension labels and codes are preserved in observation breakdowns; opaque source vocabulary is not guessed.",PERSONS,health,Hhld13_HouseholdHavingDeath:female
CENSUS_HHLD14_ROWTOTAL,Number Of Death By Sex: rowtotal (Census 2021),"Source column rowtotal from Hhld14_NumberOfDeathBySex.csv, National Population and Housing Census 2021. Source dimension labels and codes are preserved in observation breakdowns; opaque source vocabulary is not guessed.",PERSONS,health,Hhld14_NumberOfDeathBySex:rowtotal
CENSUS_HHLD14_A_MALE,Number Of Death By Sex: a_male (Census 2021),"Source column a_male from Hhld14_NumberOfDeathBySex.csv, National Population and Housing Census 2021. Source dimension labels and codes are preserved in observation breakdowns; opaque source vocabulary is not guessed.",PERSONS,health,Hhld14_NumberOfDeathBySex:a_male
CENSUS_HHLD14_B_FEMALE,Number Of Death By Sex: b_female (Census 2021),"Source column b_female from Hhld14_NumberOfDeathBySex.csv, National Population and Housing Census 2021. Source dimension labels and codes are preserved in observation breakdowns; opaque source vocabulary is not guessed.",PERSONS,health,Hhld14_NumberOfDeathBySex:b_female
CENSUS_HHLD15_ROWTOTAL,Number Of Death By Cause Of Death: rowtotal (Census 2021),"Source column rowtotal from Hhld15_NumberOfDeathByCauseOfDeath.csv, National Population and Housing Census 2021. Source dimension labels and codes are preserved in observation breakdowns; opaque source vocabulary is not guessed.",PERSONS,health,Hhld15_NumberOfDeathByCauseOfDeath:rowtotal
CENSUS_HHLD15_A_TRANSF,Number Of Death By Cause Of Death: a_Transf (Census 2021),"Source column a_Transf from Hhld15_NumberOfDeathByCauseOfDeath.csv, National Population and Housing Census 2021. Source dimension labels and codes are preserved in observation breakdowns; opaque source vocabulary is not guessed.",PERSONS,health,Hhld15_NumberOfDeathByCauseOfDeath:a_Transf
CENSUS_HHLD15_B_NONTRANSF,Number Of Death By Cause Of Death: b_nonTransf (Census 2021),"Source column b_nonTransf from Hhld15_NumberOfDeathByCauseOfDeath.csv, National Population and Housing Census 2021. Source dimension labels and codes are preserved in observation breakdowns; opaque source vocabulary is not guessed.",PERSONS,health,Hhld15_NumberOfDeathByCauseOfDeath:b_nonTransf
CENSUS_HHLD15_C_ROADACCIDNT,Number Of Death By Cause Of Death: c_roadAccidnt (Census 2021),"Source column c_roadAccidnt from Hhld15_NumberOfDeathByCauseOfDeath.csv, National Population and Housing Census 2021. Source dimension labels and codes are preserved in observation breakdowns; opaque source vocabulary is not guessed.",PERSONS,health,Hhld15_NumberOfDeathByCauseOfDeath:c_roadAccidnt
CENSUS_HHLD15_D_OTHRACCIDNT,Number Of Death By Cause Of Death: d_othrAccidnt (Census 2021),"Source column d_othrAccidnt from Hhld15_NumberOfDeathByCauseOfDeath.csv, National Population and Housing Census 2021. Source dimension labels and codes are preserved in observation breakdowns; opaque source vocabulary is not guessed.",PERSONS,health,Hhld15_NumberOfDeathByCauseOfDeath:d_othrAccidnt
CENSUS_HHLD15_E_PREGNANCY,Number Of Death By Cause Of Death: e_pregnancy (Census 2021),"Source column e_pregnancy from Hhld15_NumberOfDeathByCauseOfDeath.csv, National Population and Housing Census 2021. Source dimension labels and codes are preserved in observation breakdowns; opaque source vocabulary is not guessed.",PERSONS,health,Hhld15_NumberOfDeathByCauseOfDeath:e_pregnancy
CENSUS_HHLD15_F_CRIME,Number Of Death By Cause Of Death: f_crime (Census 2021),"Source column f_crime from Hhld15_NumberOfDeathByCauseOfDeath.csv, National Population and Housing Census 2021. Source dimension labels and codes are preserved in observation breakdowns; opaque source vocabulary is not guessed.",PERSONS,health,Hhld15_NumberOfDeathByCauseOfDeath:f_crime
CENSUS_HHLD15_G_SUCIDE,Number Of Death By Cause Of Death: g_sucide (Census 2021),"Source column g_sucide from Hhld15_NumberOfDeathByCauseOfDeath.csv, National Population and Housing Census 2021. Source dimension labels and codes are preserved in observation breakdowns; opaque source vocabulary is not guessed.",PERSONS,health,Hhld15_NumberOfDeathByCauseOfDeath:g_sucide
CENSUS_HHLD15_H_NATURLCALAMATY,Number Of Death By Cause Of Death: h_naturlCalamaty (Census 2021),"Source column h_naturlCalamaty from Hhld15_NumberOfDeathByCauseOfDeath.csv, National Population and Housing Census 2021. Source dimension labels and codes are preserved in observation breakdowns; opaque source vocabulary is not guessed.",PERSONS,health,Hhld15_NumberOfDeathByCauseOfDeath:h_naturlCalamaty
CENSUS_HHLD15_I_OTHER,Number Of Death By Cause Of Death: i_Other (Census 2021),"Source column i_Other from Hhld15_NumberOfDeathByCauseOfDeath.csv, National Population and Housing Census 2021. Source dimension labels and codes are preserved in observation breakdowns; opaque source vocabulary is not guessed.",PERSONS,health,Hhld15_NumberOfDeathByCauseOfDeath:i_Other
CENSUS_HHLD15_J_NOTSTD,Number Of Death By Cause Of Death: j_notstd (Census 2021),"Source column j_notstd from Hhld15_NumberOfDeathByCauseOfDeath.csv, National Population and Housing Census 2021. Source dimension labels and codes are preserved in observation breakdowns; opaque source vocabulary is not guessed.",PERSONS,health,Hhld15_NumberOfDeathByCauseOfDeath:j_notstd
CENSUS_HHLD16_ROWTOTAL,Female Death By Status: rowtotal (Census 2021),"Source column rowtotal from Hhld16_FemaleDeathByStatus.csv, National Population and Housing Census 2021. Source dimension labels and codes are preserved in observation breakdowns; opaque source vocabulary is not guessed.",PERSONS,health,Hhld16_FemaleDeathByStatus:rowtotal
CENSUS_HHLD16_A_PREGNANT,Female Death By Status: a_pregnant (Census 2021),"Source column a_pregnant from Hhld16_FemaleDeathByStatus.csv, National Population and Housing Census 2021. Source dimension labels and codes are preserved in observation breakdowns; opaque source vocabulary is not guessed.",PERSONS,health,Hhld16_FemaleDeathByStatus:a_pregnant
CENSUS_HHLD16_B_DELIVERY,Female Death By Status: b_delivery (Census 2021),"Source column b_delivery from Hhld16_FemaleDeathByStatus.csv, National Population and Housing Census 2021. Source dimension labels and codes are preserved in observation breakdowns; opaque source vocabulary is not guessed.",PERSONS,health,Hhld16_FemaleDeathByStatus:b_delivery
CENSUS_HHLD16_C_WITHIN6WEEK,Female Death By Status: c_within6week (Census 2021),"Source column c_within6week from Hhld16_FemaleDeathByStatus.csv, National Population and Housing Census 2021. Source dimension labels and codes are preserved in observation breakdowns; opaque source vocabulary is not guessed.",PERSONS,health,Hhld16_FemaleDeathByStatus:c_within6week
CENSUS_HHLD16_D_OTHER,Female Death By Status: d_other (Census 2021),"Source column d_other from Hhld16_FemaleDeathByStatus.csv, National Population and Housing Census 2021. Source dimension labels and codes are preserved in observation breakdowns; opaque source vocabulary is not guessed.",PERSONS,health,Hhld16_FemaleDeathByStatus:d_other
CENSUS_HHLD17_TOTHHLD,Absent Household: TotHhld (Census 2021),"Source column TotHhld from Hhld17_AbsentHousehold.csv, National Population and Housing Census 2021. Source dimension labels and codes are preserved in observation breakdowns; opaque source vocabulary is not guessed.",HOUSEHOLDS,population,Hhld17_AbsentHousehold:TotHhld
CENSUS_HHLD17_ABSNTHHLD,Absent Household: absntHhld (Census 2021),"Source column absntHhld from Hhld17_AbsentHousehold.csv, National Population and Housing Census 2021. Source dimension labels and codes are preserved in observation breakdowns; opaque source vocabulary is not guessed.",HOUSEHOLDS,population,Hhld17_AbsentHousehold:absntHhld
CENSUS_HHLD17_TOTAL,Absent Household: total (Census 2021),"Source column total from Hhld17_AbsentHousehold.csv, National Population and Housing Census 2021. Source dimension labels and codes are preserved in observation breakdowns; opaque source vocabulary is not guessed.",PERSONS,population,Hhld17_AbsentHousehold:total
CENSUS_HHLD17_MALE,Absent Household: male (Census 2021),"Source column male from Hhld17_AbsentHousehold.csv, National Population and Housing Census 2021. Source dimension labels and codes are preserved in observation breakdowns; opaque source vocabulary is not guessed.",PERSONS,population,Hhld17_AbsentHousehold:male
CENSUS_HHLD17_FEMALE,Absent Household: female (Census 2021),"Source column female from Hhld17_AbsentHousehold.csv, National Population and Housing Census 2021. Source dimension labels and codes are preserved in observation breakdowns; opaque source vocabulary is not guessed.",PERSONS,population,Hhld17_AbsentHousehold:female
CENSUS_HHLD17_ABSNTHHLDNOTSTD,Absent Household: AbsntHhldnotstd (Census 2021),"Source column AbsntHhldnotstd from Hhld17_AbsentHousehold.csv, National Population and Housing Census 2021. Source dimension labels and codes are preserved in observation breakdowns; opaque source vocabulary is not guessed.",HOUSEHOLDS,population,Hhld17_AbsentHousehold:AbsntHhldnotstd
CENSUS_HHLD18_ROWTOTAL,Absent Popn By Sex: rowtotal (Census 2021),"Source column rowtotal from Hhld18_AbsentPopnBySex.csv, National Population and Housing Census 2021. Source dimension labels and codes are preserved in observation breakdowns; opaque source vocabulary is not guessed.",PERSONS,population,Hhld18_AbsentPopnBySex:rowtotal
CENSUS_HHLD18_A_00TO04,Absent Popn By Sex: a_00to04 (Census 2021),"Source column a_00to04 from Hhld18_AbsentPopnBySex.csv, National Population and Housing Census 2021. Source dimension labels and codes are preserved in observation breakdowns; opaque source vocabulary is not guessed.",PERSONS,population,Hhld18_AbsentPopnBySex:a_00to04
CENSUS_HHLD18_B_05TO09,Absent Popn By Sex: b_05to09 (Census 2021),"Source column b_05to09 from Hhld18_AbsentPopnBySex.csv, National Population and Housing Census 2021. Source dimension labels and codes are preserved in observation breakdowns; opaque source vocabulary is not guessed.",PERSONS,population,Hhld18_AbsentPopnBySex:b_05to09
CENSUS_HHLD18_C_10TO14,Absent Popn By Sex: c_10to14 (Census 2021),"Source column c_10to14 from Hhld18_AbsentPopnBySex.csv, National Population and Housing Census 2021. Source dimension labels and codes are preserved in observation breakdowns; opaque source vocabulary is not guessed.",PERSONS,population,Hhld18_AbsentPopnBySex:c_10to14
CENSUS_HHLD18_D_15TO19,Absent Popn By Sex: d_15to19 (Census 2021),"Source column d_15to19 from Hhld18_AbsentPopnBySex.csv, National Population and Housing Census 2021. Source dimension labels and codes are preserved in observation breakdowns; opaque source vocabulary is not guessed.",PERSONS,population,Hhld18_AbsentPopnBySex:d_15to19
CENSUS_HHLD18_E_20TO24,Absent Popn By Sex: e_20to24 (Census 2021),"Source column e_20to24 from Hhld18_AbsentPopnBySex.csv, National Population and Housing Census 2021. Source dimension labels and codes are preserved in observation breakdowns; opaque source vocabulary is not guessed.",PERSONS,population,Hhld18_AbsentPopnBySex:e_20to24
CENSUS_HHLD18_F_25TO29,Absent Popn By Sex: f_25to29 (Census 2021),"Source column f_25to29 from Hhld18_AbsentPopnBySex.csv, National Population and Housing Census 2021. Source dimension labels and codes are preserved in observation breakdowns; opaque source vocabulary is not guessed.",PERSONS,population,Hhld18_AbsentPopnBySex:f_25to29
CENSUS_HHLD18_G_30TO34,Absent Popn By Sex: g_30to34 (Census 2021),"Source column g_30to34 from Hhld18_AbsentPopnBySex.csv, National Population and Housing Census 2021. Source dimension labels and codes are preserved in observation breakdowns; opaque source vocabulary is not guessed.",PERSONS,population,Hhld18_AbsentPopnBySex:g_30to34
CENSUS_HHLD18_H_35TO39,Absent Popn By Sex: h_35to39 (Census 2021),"Source column h_35to39 from Hhld18_AbsentPopnBySex.csv, National Population and Housing Census 2021. Source dimension labels and codes are preserved in observation breakdowns; opaque source vocabulary is not guessed.",PERSONS,population,Hhld18_AbsentPopnBySex:h_35to39
CENSUS_HHLD18_I_40TO44,Absent Popn By Sex: i_40to44 (Census 2021),"Source column i_40to44 from Hhld18_AbsentPopnBySex.csv, National Population and Housing Census 2021. Source dimension labels and codes are preserved in observation breakdowns; opaque source vocabulary is not guessed.",PERSONS,population,Hhld18_AbsentPopnBySex:i_40to44
CENSUS_HHLD18_J_45TO49,Absent Popn By Sex: j_45to49 (Census 2021),"Source column j_45to49 from Hhld18_AbsentPopnBySex.csv, National Population and Housing Census 2021. Source dimension labels and codes are preserved in observation breakdowns; opaque source vocabulary is not guessed.",PERSONS,population,Hhld18_AbsentPopnBySex:j_45to49
CENSUS_HHLD18_K_50TO54,Absent Popn By Sex: k_50to54 (Census 2021),"Source column k_50to54 from Hhld18_AbsentPopnBySex.csv, National Population and Housing Census 2021. Source dimension labels and codes are preserved in observation breakdowns; opaque source vocabulary is not guessed.",PERSONS,population,Hhld18_AbsentPopnBySex:k_50to54
CENSUS_HHLD18_L_55TO59,Absent Popn By Sex: l_55to59 (Census 2021),"Source column l_55to59 from Hhld18_AbsentPopnBySex.csv, National Population and Housing Census 2021. Source dimension labels and codes are preserved in observation breakdowns; opaque source vocabulary is not guessed.",PERSONS,population,Hhld18_AbsentPopnBySex:l_55to59
CENSUS_HHLD18_M_60TO64,Absent Popn By Sex: m_60to64 (Census 2021),"Source column m_60to64 from Hhld18_AbsentPopnBySex.csv, National Population and Housing Census 2021. Source dimension labels and codes are preserved in observation breakdowns; opaque source vocabulary is not guessed.",PERSONS,population,Hhld18_AbsentPopnBySex:m_60to64
CENSUS_HHLD18_N_65PLUS,Absent Popn By Sex: n_65plus (Census 2021),"Source column n_65plus from Hhld18_AbsentPopnBySex.csv, National Population and Housing Census 2021. Source dimension labels and codes are preserved in observation breakdowns; opaque source vocabulary is not guessed.",PERSONS,population,Hhld18_AbsentPopnBySex:n_65plus
CENSUS_HHLD18_O_NOTSTD,Absent Popn By Sex: o_notstd (Census 2021),"Source column o_notstd from Hhld18_AbsentPopnBySex.csv, National Population and Housing Census 2021. Source dimension labels and codes are preserved in observation breakdowns; opaque source vocabulary is not guessed.",PERSONS,population,Hhld18_AbsentPopnBySex:o_notstd
CENSUS_HHLD19_ROWTOTAL,Absent Popn By Country: rowtotal (Census 2021),"Source column rowtotal from Hhld19_AbsentPopnByCountry.csv, National Population and Housing Census 2021. Source dimension labels and codes are preserved in observation breakdowns; opaque source vocabulary is not guessed.",PERSONS,population,Hhld19_AbsentPopnByCountry:rowtotal
CENSUS_HHLD19_A_INDIA,Absent Popn By Country: a_india (Census 2021),"Source column a_india from Hhld19_AbsentPopnByCountry.csv, National Population and Housing Census 2021. Source dimension labels and codes are preserved in observation breakdowns; opaque source vocabulary is not guessed.",PERSONS,population,Hhld19_AbsentPopnByCountry:a_india
CENSUS_HHLD19_B_SAARC,Absent Popn By Country: b_saarc (Census 2021),"Source column b_saarc from Hhld19_AbsentPopnByCountry.csv, National Population and Housing Census 2021. Source dimension labels and codes are preserved in observation breakdowns; opaque source vocabulary is not guessed.",PERSONS,population,Hhld19_AbsentPopnByCountry:b_saarc
CENSUS_HHLD19_C_ASEAN,Absent Popn By Country: c_asean (Census 2021),"Source column c_asean from Hhld19_AbsentPopnByCountry.csv, National Population and Housing Census 2021. Source dimension labels and codes are preserved in observation breakdowns; opaque source vocabulary is not guessed.",PERSONS,population,Hhld19_AbsentPopnByCountry:c_asean
CENSUS_HHLD19_D_MIDLEAST,Absent Popn By Country: d_midleast (Census 2021),"Source column d_midleast from Hhld19_AbsentPopnByCountry.csv, National Population and Housing Census 2021. Source dimension labels and codes are preserved in observation breakdowns; opaque source vocabulary is not guessed.",PERSONS,population,Hhld19_AbsentPopnByCountry:d_midleast
CENSUS_HHLD19_E_OTHRASIAN,Absent Popn By Country: e_othrasian (Census 2021),"Source column e_othrasian from Hhld19_AbsentPopnByCountry.csv, National Population and Housing Census 2021. Source dimension labels and codes are preserved in observation breakdowns; opaque source vocabulary is not guessed.",PERSONS,population,Hhld19_AbsentPopnByCountry:e_othrasian
CENSUS_HHLD19_F_EUCNTRY,Absent Popn By Country: f_eucntry (Census 2021),"Source column f_eucntry from Hhld19_AbsentPopnByCountry.csv, National Population and Housing Census 2021. Source dimension labels and codes are preserved in observation breakdowns; opaque source vocabulary is not guessed.",PERSONS,population,Hhld19_AbsentPopnByCountry:f_eucntry
CENSUS_HHLD19_G_OTHREUROPN,Absent Popn By Country: g_othreuropn (Census 2021),"Source column g_othreuropn from Hhld19_AbsentPopnByCountry.csv, National Population and Housing Census 2021. Source dimension labels and codes are preserved in observation breakdowns; opaque source vocabulary is not guessed.",PERSONS,population,Hhld19_AbsentPopnByCountry:g_othreuropn
CENSUS_HHLD19_H_NORTHAMERICN,Absent Popn By Country: h_northamericn (Census 2021),"Source column h_northamericn from Hhld19_AbsentPopnByCountry.csv, National Population and Housing Census 2021. Source dimension labels and codes are preserved in observation breakdowns; opaque source vocabulary is not guessed.",PERSONS,population,Hhld19_AbsentPopnByCountry:h_northamericn
CENSUS_HHLD19_I_SOUTHAMERICN,Absent Popn By Country: i_southamericn (Census 2021),"Source column i_southamericn from Hhld19_AbsentPopnByCountry.csv, National Population and Housing Census 2021. Source dimension labels and codes are preserved in observation breakdowns; opaque source vocabulary is not guessed.",PERSONS,population,Hhld19_AbsentPopnByCountry:i_southamericn
CENSUS_HHLD19_J_AFRICAN,Absent Popn By Country: j_african (Census 2021),"Source column j_african from Hhld19_AbsentPopnByCountry.csv, National Population and Housing Census 2021. Source dimension labels and codes are preserved in observation breakdowns; opaque source vocabulary is not guessed.",PERSONS,population,Hhld19_AbsentPopnByCountry:j_african
CENSUS_HHLD19_K_PACIFIC,Absent Popn By Country: k_pacific (Census 2021),"Source column k_pacific from Hhld19_AbsentPopnByCountry.csv, National Population and Housing Census 2021. Source dimension labels and codes are preserved in observation breakdowns; opaque source vocabulary is not guessed.",PERSONS,population,Hhld19_AbsentPopnByCountry:k_pacific
CENSUS_HHLD19_L_OTHER,Absent Popn By Country: l_other (Census 2021),"Source column l_other from Hhld19_AbsentPopnByCountry.csv, National Population and Housing Census 2021. Source dimension labels and codes are preserved in observation breakdowns; opaque source vocabulary is not guessed.",PERSONS,population,Hhld19_AbsentPopnByCountry:l_other
CENSUS_HHLD19_M_NOTSTD,Absent Popn By Country: m_notstd (Census 2021),"Source column m_notstd from Hhld19_AbsentPopnByCountry.csv, National Population and Housing Census 2021. Source dimension labels and codes are preserved in observation breakdowns; opaque source vocabulary is not guessed.",PERSONS,population,Hhld19_AbsentPopnByCountry:m_notstd
CENSUS_HHLD20_ROWTOTAL,Absent Popn By Reason Of Absence: rowtotal (Census 2021),"Source column rowtotal from Hhld20_AbsentPopnByReasonOfAbsence.csv, National Population and Housing Census 2021. Source dimension labels and codes are preserved in observation breakdowns; opaque source vocabulary is not guessed.",PERSONS,population,Hhld20_AbsentPopnByReasonOfAbsence:rowtotal
CENSUS_HHLD20_A_SALARY,Absent Popn By Reason Of Absence: a_salary (Census 2021),"Source column a_salary from Hhld20_AbsentPopnByReasonOfAbsence.csv, National Population and Housing Census 2021. Source dimension labels and codes are preserved in observation breakdowns; opaque source vocabulary is not guessed.",PERSONS,population,Hhld20_AbsentPopnByReasonOfAbsence:a_salary
CENSUS_HHLD20_B_TRADE,Absent Popn By Reason Of Absence: b_trade (Census 2021),"Source column b_trade from Hhld20_AbsentPopnByReasonOfAbsence.csv, National Population and Housing Census 2021. Source dimension labels and codes are preserved in observation breakdowns; opaque source vocabulary is not guessed.",PERSONS,population,Hhld20_AbsentPopnByReasonOfAbsence:b_trade
CENSUS_HHLD20_C_STUDY,Absent Popn By Reason Of Absence: c_study (Census 2021),"Source column c_study from Hhld20_AbsentPopnByReasonOfAbsence.csv, National Population and Housing Census 2021. Source dimension labels and codes are preserved in observation breakdowns; opaque source vocabulary is not guessed.",PERSONS,population,Hhld20_AbsentPopnByReasonOfAbsence:c_study
CENSUS_HHLD20_D_JOBSEEK,Absent Popn By Reason Of Absence: d_jobseek (Census 2021),"Source column d_jobseek from Hhld20_AbsentPopnByReasonOfAbsence.csv, National Population and Housing Census 2021. Source dimension labels and codes are preserved in observation breakdowns; opaque source vocabulary is not guessed.",PERSONS,population,Hhld20_AbsentPopnByReasonOfAbsence:d_jobseek
CENSUS_HHLD20_E_DEPENDNT,Absent Popn By Reason Of Absence: e_dependnt (Census 2021),"Source column e_dependnt from Hhld20_AbsentPopnByReasonOfAbsence.csv, National Population and Housing Census 2021. Source dimension labels and codes are preserved in observation breakdowns; opaque source vocabulary is not guessed.",PERSONS,population,Hhld20_AbsentPopnByReasonOfAbsence:e_dependnt
CENSUS_HHLD20_F_OTHERS,Absent Popn By Reason Of Absence: f_others (Census 2021),"Source column f_others from Hhld20_AbsentPopnByReasonOfAbsence.csv, National Population and Housing Census 2021. Source dimension labels and codes are preserved in observation breakdowns; opaque source vocabulary is not guessed.",PERSONS,population,Hhld20_AbsentPopnByReasonOfAbsence:f_others
CENSUS_HHLD20_G_NOTSTD,Absent Popn By Reason Of Absence: g_notstd (Census 2021),"Source column g_notstd from Hhld20_AbsentPopnByReasonOfAbsence.csv, National Population and Housing Census 2021. Source dimension labels and codes are preserved in observation breakdowns; opaque source vocabulary is not guessed.",PERSONS,population,Hhld20_AbsentPopnByReasonOfAbsence:g_notstd
CENSUS_HHLD21_ROWTOTAL,Absent Popn By Country: rowtotal (Census 2021),"Source column rowtotal from Hhld21_AbsentPopnByCountry.csv, National Population and Housing Census 2021. Source dimension labels and codes are preserved in observation breakdowns; opaque source vocabulary is not guessed.",PERSONS,population,Hhld21_AbsentPopnByCountry:rowtotal
CENSUS_HHLD21_A_INDIA,Absent Popn By Country: a_india (Census 2021),"Source column a_india from Hhld21_AbsentPopnByCountry.csv, National Population and Housing Census 2021. Source dimension labels and codes are preserved in observation breakdowns; opaque source vocabulary is not guessed.",PERSONS,population,Hhld21_AbsentPopnByCountry:a_india
CENSUS_HHLD21_B_SAARC,Absent Popn By Country: b_saarc (Census 2021),"Source column b_saarc from Hhld21_AbsentPopnByCountry.csv, National Population and Housing Census 2021. Source dimension labels and codes are preserved in observation breakdowns; opaque source vocabulary is not guessed.",PERSONS,population,Hhld21_AbsentPopnByCountry:b_saarc
CENSUS_HHLD21_C_ASEAN,Absent Popn By Country: c_asean (Census 2021),"Source column c_asean from Hhld21_AbsentPopnByCountry.csv, National Population and Housing Census 2021. Source dimension labels and codes are preserved in observation breakdowns; opaque source vocabulary is not guessed.",PERSONS,population,Hhld21_AbsentPopnByCountry:c_asean
CENSUS_HHLD21_D_MIDLEAST,Absent Popn By Country: d_midleast (Census 2021),"Source column d_midleast from Hhld21_AbsentPopnByCountry.csv, National Population and Housing Census 2021. Source dimension labels and codes are preserved in observation breakdowns; opaque source vocabulary is not guessed.",PERSONS,population,Hhld21_AbsentPopnByCountry:d_midleast
CENSUS_HHLD21_E_OTHRASIAN,Absent Popn By Country: e_othrasian (Census 2021),"Source column e_othrasian from Hhld21_AbsentPopnByCountry.csv, National Population and Housing Census 2021. Source dimension labels and codes are preserved in observation breakdowns; opaque source vocabulary is not guessed.",PERSONS,population,Hhld21_AbsentPopnByCountry:e_othrasian
CENSUS_HHLD21_F_EUCNTRY,Absent Popn By Country: f_eucntry (Census 2021),"Source column f_eucntry from Hhld21_AbsentPopnByCountry.csv, National Population and Housing Census 2021. Source dimension labels and codes are preserved in observation breakdowns; opaque source vocabulary is not guessed.",PERSONS,population,Hhld21_AbsentPopnByCountry:f_eucntry
CENSUS_HHLD21_G_OTHREUROPN,Absent Popn By Country: g_othreuropn (Census 2021),"Source column g_othreuropn from Hhld21_AbsentPopnByCountry.csv, National Population and Housing Census 2021. Source dimension labels and codes are preserved in observation breakdowns; opaque source vocabulary is not guessed.",PERSONS,population,Hhld21_AbsentPopnByCountry:g_othreuropn
CENSUS_HHLD21_H_NORTHAMERICN,Absent Popn By Country: h_northamericn (Census 2021),"Source column h_northamericn from Hhld21_AbsentPopnByCountry.csv, National Population and Housing Census 2021. Source dimension labels and codes are preserved in observation breakdowns; opaque source vocabulary is not guessed.",PERSONS,population,Hhld21_AbsentPopnByCountry:h_northamericn
CENSUS_HHLD21_I_SOUTHAMERICN,Absent Popn By Country: i_southamericn (Census 2021),"Source column i_southamericn from Hhld21_AbsentPopnByCountry.csv, National Population and Housing Census 2021. Source dimension labels and codes are preserved in observation breakdowns; opaque source vocabulary is not guessed.",PERSONS,population,Hhld21_AbsentPopnByCountry:i_southamericn
CENSUS_HHLD21_J_AFRICAN,Absent Popn By Country: j_african (Census 2021),"Source column j_african from Hhld21_AbsentPopnByCountry.csv, National Population and Housing Census 2021. Source dimension labels and codes are preserved in observation breakdowns; opaque source vocabulary is not guessed.",PERSONS,population,Hhld21_AbsentPopnByCountry:j_african
CENSUS_HHLD21_K_PACIFIC,Absent Popn By Country: k_pacific (Census 2021),"Source column k_pacific from Hhld21_AbsentPopnByCountry.csv, National Population and Housing Census 2021. Source dimension labels and codes are preserved in observation breakdowns; opaque source vocabulary is not guessed.",PERSONS,population,Hhld21_AbsentPopnByCountry:k_pacific
CENSUS_HHLD21_L_OTHER,Absent Popn By Country: l_other (Census 2021),"Source column l_other from Hhld21_AbsentPopnByCountry.csv, National Population and Housing Census 2021. Source dimension labels and codes are preserved in observation breakdowns; opaque source vocabulary is not guessed.",PERSONS,population,Hhld21_AbsentPopnByCountry:l_other
CENSUS_HHLD21_M_NOTSTD,Absent Popn By Country: m_notstd (Census 2021),"Source column m_notstd from Hhld21_AbsentPopnByCountry.csv, National Population and Housing Census 2021. Source dimension labels and codes are preserved in observation breakdowns; opaque source vocabulary is not guessed.",PERSONS,population,Hhld21_AbsentPopnByCountry:m_notstd
CENSUS_HHLD22_ROWTOTAL,Absent Popn By Age At Departure: rowtotal (Census 2021),"Source column rowtotal from Hhld22_AbsentPopnByAgeAtDeparture.csv, National Population and Housing Census 2021. Source dimension labels and codes are preserved in observation breakdowns; opaque source vocabulary is not guessed.",PERSONS,population,Hhld22_AbsentPopnByAgeAtDeparture:rowtotal
CENSUS_HHLD22_A_BELOW14,Absent Popn By Age At Departure: a_below14 (Census 2021),"Source column a_below14 from Hhld22_AbsentPopnByAgeAtDeparture.csv, National Population and Housing Census 2021. Source dimension labels and codes are preserved in observation breakdowns; opaque source vocabulary is not guessed.",PERSONS,population,Hhld22_AbsentPopnByAgeAtDeparture:a_below14
CENSUS_HHLD22_B_15TO24,Absent Popn By Age At Departure: b_15to24 (Census 2021),"Source column b_15to24 from Hhld22_AbsentPopnByAgeAtDeparture.csv, National Population and Housing Census 2021. Source dimension labels and codes are preserved in observation breakdowns; opaque source vocabulary is not guessed.",PERSONS,population,Hhld22_AbsentPopnByAgeAtDeparture:b_15to24
CENSUS_HHLD22_C_25TO34,Absent Popn By Age At Departure: c_25to34 (Census 2021),"Source column c_25to34 from Hhld22_AbsentPopnByAgeAtDeparture.csv, National Population and Housing Census 2021. Source dimension labels and codes are preserved in observation breakdowns; opaque source vocabulary is not guessed.",PERSONS,population,Hhld22_AbsentPopnByAgeAtDeparture:c_25to34
CENSUS_HHLD22_D_35TO44,Absent Popn By Age At Departure: d_35to44 (Census 2021),"Source column d_35to44 from Hhld22_AbsentPopnByAgeAtDeparture.csv, National Population and Housing Census 2021. Source dimension labels and codes are preserved in observation breakdowns; opaque source vocabulary is not guessed.",PERSONS,population,Hhld22_AbsentPopnByAgeAtDeparture:d_35to44
CENSUS_HHLD22_E_45TO54,Absent Popn By Age At Departure: e_45to54 (Census 2021),"Source column e_45to54 from Hhld22_AbsentPopnByAgeAtDeparture.csv, National Population and Housing Census 2021. Source dimension labels and codes are preserved in observation breakdowns; opaque source vocabulary is not guessed.",PERSONS,population,Hhld22_AbsentPopnByAgeAtDeparture:e_45to54
CENSUS_HHLD22_F_55TO64,Absent Popn By Age At Departure: f_55to64 (Census 2021),"Source column f_55to64 from Hhld22_AbsentPopnByAgeAtDeparture.csv, National Population and Housing Census 2021. Source dimension labels and codes are preserved in observation breakdowns; opaque source vocabulary is not guessed.",PERSONS,population,Hhld22_AbsentPopnByAgeAtDeparture:f_55to64
CENSUS_HHLD22_G_65PLUS,Absent Popn By Age At Departure: g_65plus (Census 2021),"Source column g_65plus from Hhld22_AbsentPopnByAgeAtDeparture.csv, National Population and Housing Census 2021. Source dimension labels and codes are preserved in observation breakdowns; opaque source vocabulary is not guessed.",PERSONS,population,Hhld22_AbsentPopnByAgeAtDeparture:g_65plus
CENSUS_HHLD22_H_NOTSTD,Absent Popn By Age At Departure: h_notstd (Census 2021),"Source column h_notstd from Hhld22_AbsentPopnByAgeAtDeparture.csv, National Population and Housing Census 2021. Source dimension labels and codes are preserved in observation breakdowns; opaque source vocabulary is not guessed.",PERSONS,population,Hhld22_AbsentPopnByAgeAtDeparture:h_notstd
CENSUS_HHLD23_ROWTOTAL,Absent Popn By Level Of Edu: rowtotal (Census 2021),"Source column rowtotal from Hhld23_AbsentPopnByLevelOfEdu.csv, National Population and Housing Census 2021. Source dimension labels and codes are preserved in observation breakdowns; opaque source vocabulary is not guessed.",PERSONS,education,Hhld23_AbsentPopnByLevelOfEdu:rowtotal
CENSUS_HHLD23_A_EARLYEDU,Absent Popn By Level Of Edu: a_earlyedu (Census 2021),"Source column a_earlyedu from Hhld23_AbsentPopnByLevelOfEdu.csv, National Population and Housing Census 2021. Source dimension labels and codes are preserved in observation breakdowns; opaque source vocabulary is not guessed.",PERSONS,education,Hhld23_AbsentPopnByLevelOfEdu:a_earlyedu
CENSUS_HHLD23_B_PRIMARY,Absent Popn By Level Of Edu: b_primary (Census 2021),"Source column b_primary from Hhld23_AbsentPopnByLevelOfEdu.csv, National Population and Housing Census 2021. Source dimension labels and codes are preserved in observation breakdowns; opaque source vocabulary is not guessed.",PERSONS,education,Hhld23_AbsentPopnByLevelOfEdu:b_primary
CENSUS_HHLD23_C_LOWRSECNDRY,Absent Popn By Level Of Edu: c_lowrsecndry (Census 2021),"Source column c_lowrsecndry from Hhld23_AbsentPopnByLevelOfEdu.csv, National Population and Housing Census 2021. Source dimension labels and codes are preserved in observation breakdowns; opaque source vocabulary is not guessed.",PERSONS,education,Hhld23_AbsentPopnByLevelOfEdu:c_lowrsecndry
CENSUS_HHLD23_D_UPPRSECNDRY,Absent Popn By Level Of Edu: d_upprsecndry (Census 2021),"Source column d_upprsecndry from Hhld23_AbsentPopnByLevelOfEdu.csv, National Population and Housing Census 2021. Source dimension labels and codes are preserved in observation breakdowns; opaque source vocabulary is not guessed.",PERSONS,education,Hhld23_AbsentPopnByLevelOfEdu:d_upprsecndry
CENSUS_HHLD23_E_SLC,Absent Popn By Level Of Edu: e_slc (Census 2021),"Source column e_slc from Hhld23_AbsentPopnByLevelOfEdu.csv, National Population and Housing Census 2021. Source dimension labels and codes are preserved in observation breakdowns; opaque source vocabulary is not guessed.",PERSONS,education,Hhld23_AbsentPopnByLevelOfEdu:e_slc
CENSUS_HHLD23_F_INTERMEDIATE,Absent Popn By Level Of Edu: f_intermediate (Census 2021),"Source column f_intermediate from Hhld23_AbsentPopnByLevelOfEdu.csv, National Population and Housing Census 2021. Source dimension labels and codes are preserved in observation breakdowns; opaque source vocabulary is not guessed.",PERSONS,education,Hhld23_AbsentPopnByLevelOfEdu:f_intermediate
CENSUS_HHLD23_G_GRADUATE,Absent Popn By Level Of Edu: g_graduate (Census 2021),"Source column g_graduate from Hhld23_AbsentPopnByLevelOfEdu.csv, National Population and Housing Census 2021. Source dimension labels and codes are preserved in observation breakdowns; opaque source vocabulary is not guessed.",PERSONS,education,Hhld23_AbsentPopnByLevelOfEdu:g_graduate
CENSUS_HHLD23_H_POSTGRADUATE,Absent Popn By Level Of Edu: h_postgraduate (Census 2021),"Source column h_postgraduate from Hhld23_AbsentPopnByLevelOfEdu.csv, National Population and Housing Census 2021. Source dimension labels and codes are preserved in observation breakdowns; opaque source vocabulary is not guessed.",PERSONS,education,Hhld23_AbsentPopnByLevelOfEdu:h_postgraduate
CENSUS_HHLD23_I_OTHERS,Absent Popn By Level Of Edu: i_others (Census 2021),"Source column i_others from Hhld23_AbsentPopnByLevelOfEdu.csv, National Population and Housing Census 2021. Source dimension labels and codes are preserved in observation breakdowns; opaque source vocabulary is not guessed.",PERSONS,education,Hhld23_AbsentPopnByLevelOfEdu:i_others
CENSUS_HHLD23_J_NOLEVEL,Absent Popn By Level Of Edu: j_nolevel (Census 2021),"Source column j_nolevel from Hhld23_AbsentPopnByLevelOfEdu.csv, National Population and Housing Census 2021. Source dimension labels and codes are preserved in observation breakdowns; opaque source vocabulary is not guessed.",PERSONS,education,Hhld23_AbsentPopnByLevelOfEdu:j_nolevel
CENSUS_HHLD23_K_NOTSTD,Absent Popn By Level Of Edu: k_notstd (Census 2021),"Source column k_notstd from Hhld23_AbsentPopnByLevelOfEdu.csv, National Population and Housing Census 2021. Source dimension labels and codes are preserved in observation breakdowns; opaque source vocabulary is not guessed.",PERSONS,education,Hhld23_AbsentPopnByLevelOfEdu:k_notstd
CENSUS_INDV02_ROWTOTAL,Size Of Person: rowtotal (Census 2021),"Source column rowtotal from Indv02_SizeOfPerson.csv, National Population and Housing Census 2021. Source dimension labels and codes are preserved in observation breakdowns; opaque source vocabulary is not guessed.",HOUSEHOLDS,population,Indv02_SizeOfPerson:rowtotal
CENSUS_INDV02_A_1PERSON,Size Of Person: a_1person (Census 2021),"Source column a_1person from Indv02_SizeOfPerson.csv, National Population and Housing Census 2021. Source dimension labels and codes are preserved in observation breakdowns; opaque source vocabulary is not guessed.",HOUSEHOLDS,population,Indv02_SizeOfPerson:a_1person
CENSUS_INDV02_B_2PERSON,Size Of Person: b_2person (Census 2021),"Source column b_2person from Indv02_SizeOfPerson.csv, National Population and Housing Census 2021. Source dimension labels and codes are preserved in observation breakdowns; opaque source vocabulary is not guessed.",HOUSEHOLDS,population,Indv02_SizeOfPerson:b_2person
CENSUS_INDV02_C_3PERSON,Size Of Person: c_3person (Census 2021),"Source column c_3person from Indv02_SizeOfPerson.csv, National Population and Housing Census 2021. Source dimension labels and codes are preserved in observation breakdowns; opaque source vocabulary is not guessed.",HOUSEHOLDS,population,Indv02_SizeOfPerson:c_3person
CENSUS_INDV02_D_4PERSON,Size Of Person: d_4person (Census 2021),"Source column d_4person from Indv02_SizeOfPerson.csv, National Population and Housing Census 2021. Source dimension labels and codes are preserved in observation breakdowns; opaque source vocabulary is not guessed.",HOUSEHOLDS,population,Indv02_SizeOfPerson:d_4person
CENSUS_INDV02_E_5PERSON,Size Of Person: e_5person (Census 2021),"Source column e_5person from Indv02_SizeOfPerson.csv, National Population and Housing Census 2021. Source dimension labels and codes are preserved in observation breakdowns; opaque source vocabulary is not guessed.",HOUSEHOLDS,population,Indv02_SizeOfPerson:e_5person
CENSUS_INDV02_F_6PERSON,Size Of Person: f_6person (Census 2021),"Source column f_6person from Indv02_SizeOfPerson.csv, National Population and Housing Census 2021. Source dimension labels and codes are preserved in observation breakdowns; opaque source vocabulary is not guessed.",HOUSEHOLDS,population,Indv02_SizeOfPerson:f_6person
CENSUS_INDV02_G_7PERSON,Size Of Person: g_7person (Census 2021),"Source column g_7person from Indv02_SizeOfPerson.csv, National Population and Housing Census 2021. Source dimension labels and codes are preserved in observation breakdowns; opaque source vocabulary is not guessed.",HOUSEHOLDS,population,Indv02_SizeOfPerson:g_7person
CENSUS_INDV02_H_8PERSON,Size Of Person: h_8person (Census 2021),"Source column h_8person from Indv02_SizeOfPerson.csv, National Population and Housing Census 2021. Source dimension labels and codes are preserved in observation breakdowns; opaque source vocabulary is not guessed.",HOUSEHOLDS,population,Indv02_SizeOfPerson:h_8person
CENSUS_INDV02_I_9PERSON,Size Of Person: i_9person (Census 2021),"Source column i_9person from Indv02_SizeOfPerson.csv, National Population and Housing Census 2021. Source dimension labels and codes are preserved in observation breakdowns; opaque source vocabulary is not guessed.",HOUSEHOLDS,population,Indv02_SizeOfPerson:i_9person
CENSUS_INDV03_ROWTOTAL,Population By Single Year: rowtotal (Census 2021),"Source column rowtotal from Indv03_PopulationBySingleYear.csv, National Population and Housing Census 2021. Source dimension labels and codes are preserved in observation breakdowns; opaque source vocabulary is not guessed.",PERSONS,population,Indv03_PopulationBySingleYear:rowtotal
CENSUS_INDV03_A_MALE,Population By Single Year: a_male (Census 2021),"Source column a_male from Indv03_PopulationBySingleYear.csv, National Population and Housing Census 2021. Source dimension labels and codes are preserved in observation breakdowns; opaque source vocabulary is not guessed.",PERSONS,population,Indv03_PopulationBySingleYear:a_male
CENSUS_INDV03_B_FEMALE,Population By Single Year: b_female (Census 2021),"Source column b_female from Indv03_PopulationBySingleYear.csv, National Population and Housing Census 2021. Source dimension labels and codes are preserved in observation breakdowns; opaque source vocabulary is not guessed.",PERSONS,population,Indv03_PopulationBySingleYear:b_female
CENSUS_INDV04_ROWTOTAL,Population by five-year age group (Census 2021),"Source column rowtotal from Indv04_PopulationByFiveYear.csv, National Population and Housing Census 2021. Source dimension labels and codes are preserved in observation breakdowns; opaque source vocabulary is not guessed.",PERSONS,population,Indv04_PopulationByFiveYear:rowtotal
CENSUS_INDV04_A_MALE,Population: male (Census 2021),"Source column a_male from Indv04_PopulationByFiveYear.csv, National Population and Housing Census 2021. Source dimension labels and codes are preserved in observation breakdowns; opaque source vocabulary is not guessed.",PERSONS,population,Indv04_PopulationByFiveYear:a_male
CENSUS_INDV04_B_FEMALE,Population: female (Census 2021),"Source column b_female from Indv04_PopulationByFiveYear.csv, National Population and Housing Census 2021. Source dimension labels and codes are preserved in observation breakdowns; opaque source vocabulary is not guessed.",PERSONS,population,Indv04_PopulationByFiveYear:b_female
CENSUS_INDV05_NUMLOCALITY,Size Of Localities: numLocality (Census 2021),"Source column numLocality from Indv05_SizeOfLocalities.csv, National Population and Housing Census 2021. Source dimension labels and codes are preserved in observation breakdowns; opaque source vocabulary is not guessed.",COUNT,population,Indv05_SizeOfLocalities:numLocality
CENSUS_INDV05_NOHHLD,Size Of Localities: noHhld (Census 2021),"Source column noHhld from Indv05_SizeOfLocalities.csv, National Population and Housing Census 2021. Source dimension labels and codes are preserved in observation breakdowns; opaque source vocabulary is not guessed.",HOUSEHOLDS,population,Indv05_SizeOfLocalities:noHhld
CENSUS_INDV05_TOTAL,Size Of Localities: total (Census 2021),"Source column total from Indv05_SizeOfLocalities.csv, National Population and Housing Census 2021. Source dimension labels and codes are preserved in observation breakdowns; opaque source vocabulary is not guessed.",PERSONS,population,Indv05_SizeOfLocalities:total
CENSUS_INDV05_MALE,Size Of Localities: male (Census 2021),"Source column male from Indv05_SizeOfLocalities.csv, National Population and Housing Census 2021. Source dimension labels and codes are preserved in observation breakdowns; opaque source vocabulary is not guessed.",PERSONS,population,Indv05_SizeOfLocalities:male
CENSUS_INDV05_FEML,Size Of Localities: feml (Census 2021),"Source column feml from Indv05_SizeOfLocalities.csv, National Population and Housing Census 2021. Source dimension labels and codes are preserved in observation breakdowns; opaque source vocabulary is not guessed.",PERSONS,population,Indv05_SizeOfLocalities:feml
CENSUS_INDV06_ROWTOTAL,Household Head By Sex: rowtotal (Census 2021),"Source column rowtotal from Indv06_HouseholdHeadBySex.csv, National Population and Housing Census 2021. Source dimension labels and codes are preserved in observation breakdowns; opaque source vocabulary is not guessed.",HOUSEHOLDS,population,Indv06_HouseholdHeadBySex:rowtotal
CENSUS_INDV06_A_BELOW14,Household Head By Sex: a_below14 (Census 2021),"Source column a_below14 from Indv06_HouseholdHeadBySex.csv, National Population and Housing Census 2021. Source dimension labels and codes are preserved in observation breakdowns; opaque source vocabulary is not guessed.",HOUSEHOLDS,population,Indv06_HouseholdHeadBySex:a_below14
CENSUS_INDV06_B_15TO19,Household Head By Sex: b_15to19 (Census 2021),"Source column b_15to19 from Indv06_HouseholdHeadBySex.csv, National Population and Housing Census 2021. Source dimension labels and codes are preserved in observation breakdowns; opaque source vocabulary is not guessed.",HOUSEHOLDS,population,Indv06_HouseholdHeadBySex:b_15to19
CENSUS_INDV06_C_20TO29,Household Head By Sex: c_20to29 (Census 2021),"Source column c_20to29 from Indv06_HouseholdHeadBySex.csv, National Population and Housing Census 2021. Source dimension labels and codes are preserved in observation breakdowns; opaque source vocabulary is not guessed.",HOUSEHOLDS,population,Indv06_HouseholdHeadBySex:c_20to29
CENSUS_INDV06_D_30TO39,Household Head By Sex: d_30to39 (Census 2021),"Source column d_30to39 from Indv06_HouseholdHeadBySex.csv, National Population and Housing Census 2021. Source dimension labels and codes are preserved in observation breakdowns; opaque source vocabulary is not guessed.",HOUSEHOLDS,population,Indv06_HouseholdHeadBySex:d_30to39
CENSUS_INDV06_E_40T049,Household Head By Sex: e_40t049 (Census 2021),"Source column e_40t049 from Indv06_HouseholdHeadBySex.csv, National Population and Housing Census 2021. Source dimension labels and codes are preserved in observation breakdowns; opaque source vocabulary is not guessed.",HOUSEHOLDS,population,Indv06_HouseholdHeadBySex:e_40t049
CENSUS_INDV06_F_50TO59,Household Head By Sex: f_50to59 (Census 2021),"Source column f_50to59 from Indv06_HouseholdHeadBySex.csv, National Population and Housing Census 2021. Source dimension labels and codes are preserved in observation breakdowns; opaque source vocabulary is not guessed.",HOUSEHOLDS,population,Indv06_HouseholdHeadBySex:f_50to59
CENSUS_INDV06_G_60TO69,Household Head By Sex: g_60to69 (Census 2021),"Source column g_60to69 from Indv06_HouseholdHeadBySex.csv, National Population and Housing Census 2021. Source dimension labels and codes are preserved in observation breakdowns; opaque source vocabulary is not guessed.",HOUSEHOLDS,population,Indv06_HouseholdHeadBySex:g_60to69
CENSUS_INDV06_H_70PLUS,Household Head By Sex: h_70plus (Census 2021),"Source column h_70plus from Indv06_HouseholdHeadBySex.csv, National Population and Housing Census 2021. Source dimension labels and codes are preserved in observation breakdowns; opaque source vocabulary is not guessed.",HOUSEHOLDS,population,Indv06_HouseholdHeadBySex:h_70plus
CENSUS_INDV07_ROWTOTAL,Population By Relationship: rowtotal (Census 2021),"Source column rowtotal from Indv07_PopulationByRelationship.csv, National Population and Housing Census 2021. Source dimension labels and codes are preserved in observation breakdowns; opaque source vocabulary is not guessed.",PERSONS,population,Indv07_PopulationByRelationship:rowtotal
CENSUS_INDV07_A_SELF,Population By Relationship: a_self (Census 2021),"Source column a_self from Indv07_PopulationByRelationship.csv, National Population and Housing Census 2021. Source dimension labels and codes are preserved in observation breakdowns; opaque source vocabulary is not guessed.",PERSONS,population,Indv07_PopulationByRelationship:a_self
CENSUS_INDV07_B_SPOUSE,Population By Relationship: b_spouse (Census 2021),"Source column b_spouse from Indv07_PopulationByRelationship.csv, National Population and Housing Census 2021. Source dimension labels and codes are preserved in observation breakdowns; opaque source vocabulary is not guessed.",PERSONS,population,Indv07_PopulationByRelationship:b_spouse
CENSUS_INDV07_C_SON,Population By Relationship: c_son (Census 2021),"Source column c_son from Indv07_PopulationByRelationship.csv, National Population and Housing Census 2021. Source dimension labels and codes are preserved in observation breakdowns; opaque source vocabulary is not guessed.",PERSONS,population,Indv07_PopulationByRelationship:c_son
CENSUS_INDV07_D_DAU,Population By Relationship: d_dau (Census 2021),"Source column d_dau from Indv07_PopulationByRelationship.csv, National Population and Housing Census 2021. Source dimension labels and codes are preserved in observation breakdowns; opaque source vocabulary is not guessed.",PERSONS,population,Indv07_PopulationByRelationship:d_dau
CENSUS_INDV07_E_PARENT,Population By Relationship: e_parent (Census 2021),"Source column e_parent from Indv07_PopulationByRelationship.csv, National Population and Housing Census 2021. Source dimension labels and codes are preserved in observation breakdowns; opaque source vocabulary is not guessed.",PERSONS,population,Indv07_PopulationByRelationship:e_parent
CENSUS_INDV07_F_MOTHFATHLAW,Population By Relationship: f_mothfathlaw (Census 2021),"Source column f_mothfathlaw from Indv07_PopulationByRelationship.csv, National Population and Housing Census 2021. Source dimension labels and codes are preserved in observation breakdowns; opaque source vocabulary is not guessed.",PERSONS,population,Indv07_PopulationByRelationship:f_mothfathlaw
CENSUS_INDV07_G_BROSIS,Population By Relationship: g_brosis (Census 2021),"Source column g_brosis from Indv07_PopulationByRelationship.csv, National Population and Housing Census 2021. Source dimension labels and codes are preserved in observation breakdowns; opaque source vocabulary is not guessed.",PERSONS,population,Indv07_PopulationByRelationship:g_brosis
CENSUS_INDV07_H_GRNDCHLD,Population By Relationship: h_grndchld (Census 2021),"Source column h_grndchld from Indv07_PopulationByRelationship.csv, National Population and Housing Census 2021. Source dimension labels and codes are preserved in observation breakdowns; opaque source vocabulary is not guessed.",PERSONS,population,Indv07_PopulationByRelationship:h_grndchld
CENSUS_INDV07_I_OTHER,Population By Relationship: i_other (Census 2021),"Source column i_other from Indv07_PopulationByRelationship.csv, National Population and Housing Census 2021. Source dimension labels and codes are preserved in observation breakdowns; opaque source vocabulary is not guessed.",PERSONS,population,Indv07_PopulationByRelationship:i_other
CENSUS_INDV07_J_HHLDWORKR,Population By Relationship: j_hhldworkr (Census 2021),"Source column j_hhldworkr from Indv07_PopulationByRelationship.csv, National Population and Housing Census 2021. Source dimension labels and codes are preserved in observation breakdowns; opaque source vocabulary is not guessed.",PERSONS,population,Indv07_PopulationByRelationship:j_hhldworkr
CENSUS_INDV07_K_NORELATION,Population By Relationship: k_norelation (Census 2021),"Source column k_norelation from Indv07_PopulationByRelationship.csv, National Population and Housing Census 2021. Source dimension labels and codes are preserved in observation breakdowns; opaque source vocabulary is not guessed.",PERSONS,population,Indv07_PopulationByRelationship:k_norelation
CENSUS_INDV07_L_NOTSTD,Population By Relationship: l_notstd (Census 2021),"Source column l_notstd from Indv07_PopulationByRelationship.csv, National Population and Housing Census 2021. Source dimension labels and codes are preserved in observation breakdowns; opaque source vocabulary is not guessed.",PERSONS,population,Indv07_PopulationByRelationship:l_notstd
CENSUS_INDV09_ROWTOTAL,Population By Nationality: rowtotal (Census 2021),"Source column rowtotal from Indv09_PopulationByNationality.csv, National Population and Housing Census 2021. Source dimension labels and codes are preserved in observation breakdowns; opaque source vocabulary is not guessed.",PERSONS,population,Indv09_PopulationByNationality:rowtotal
CENSUS_INDV09_A_NEPAL,Population By Nationality: a_nepal (Census 2021),"Source column a_nepal from Indv09_PopulationByNationality.csv, National Population and Housing Census 2021. Source dimension labels and codes are preserved in observation breakdowns; opaque source vocabulary is not guessed.",PERSONS,population,Indv09_PopulationByNationality:a_nepal
CENSUS_INDV09_B_INDIA,Population By Nationality: b_india (Census 2021),"Source column b_india from Indv09_PopulationByNationality.csv, National Population and Housing Census 2021. Source dimension labels and codes are preserved in observation breakdowns; opaque source vocabulary is not guessed.",PERSONS,population,Indv09_PopulationByNationality:b_india
CENSUS_INDV09_C_CHINA,Population By Nationality: c_china (Census 2021),"Source column c_china from Indv09_PopulationByNationality.csv, National Population and Housing Census 2021. Source dimension labels and codes are preserved in observation breakdowns; opaque source vocabulary is not guessed.",PERSONS,population,Indv09_PopulationByNationality:c_china
CENSUS_INDV09_D_SAARC,Population By Nationality: d_saarc (Census 2021),"Source column d_saarc from Indv09_PopulationByNationality.csv, National Population and Housing Census 2021. Source dimension labels and codes are preserved in observation breakdowns; opaque source vocabulary is not guessed.",PERSONS,population,Indv09_PopulationByNationality:d_saarc
CENSUS_INDV09_E_OTHER,Population By Nationality: e_other (Census 2021),"Source column e_other from Indv09_PopulationByNationality.csv, National Population and Housing Census 2021. Source dimension labels and codes are preserved in observation breakdowns; opaque source vocabulary is not guessed.",PERSONS,population,Indv09_PopulationByNationality:e_other
CENSUS_INDV09_F_NOTSTD,Population By Nationality: f_notstd (Census 2021),"Source column f_notstd from Indv09_PopulationByNationality.csv, National Population and Housing Census 2021. Source dimension labels and codes are preserved in observation breakdowns; opaque source vocabulary is not guessed.",PERSONS,population,Indv09_PopulationByNationality:f_notstd
CENSUS_INDV10_ROWTOTAL,Population By Marital Status: rowtotal (Census 2021),"Source column rowtotal from Indv10_PopulationByMaritalStatus.csv, National Population and Housing Census 2021. Source dimension labels and codes are preserved in observation breakdowns; opaque source vocabulary is not guessed.",PERSONS,population,Indv10_PopulationByMaritalStatus:rowtotal
CENSUS_INDV10_A_NEVRMARRIED,Population By Marital Status: a_nevrmarried (Census 2021),"Source column a_nevrmarried from Indv10_PopulationByMaritalStatus.csv, National Population and Housing Census 2021. Source dimension labels and codes are preserved in observation breakdowns; opaque source vocabulary is not guessed.",PERSONS,population,Indv10_PopulationByMaritalStatus:a_nevrmarried
CENSUS_INDV10_B_MARRIED,Population By Marital Status: b_married (Census 2021),"Source column b_married from Indv10_PopulationByMaritalStatus.csv, National Population and Housing Census 2021. Source dimension labels and codes are preserved in observation breakdowns; opaque source vocabulary is not guessed.",PERSONS,population,Indv10_PopulationByMaritalStatus:b_married
CENSUS_INDV10_C_WIDOW,Population By Marital Status: c_widow (Census 2021),"Source column c_widow from Indv10_PopulationByMaritalStatus.csv, National Population and Housing Census 2021. Source dimension labels and codes are preserved in observation breakdowns; opaque source vocabulary is not guessed.",PERSONS,population,Indv10_PopulationByMaritalStatus:c_widow
CENSUS_INDV10_D_DIVORCED,Population By Marital Status: d_divorced (Census 2021),"Source column d_divorced from Indv10_PopulationByMaritalStatus.csv, National Population and Housing Census 2021. Source dimension labels and codes are preserved in observation breakdowns; opaque source vocabulary is not guessed.",PERSONS,population,Indv10_PopulationByMaritalStatus:d_divorced
CENSUS_INDV10_E_SEPARATED,Population By Marital Status: e_separated (Census 2021),"Source column e_separated from Indv10_PopulationByMaritalStatus.csv, National Population and Housing Census 2021. Source dimension labels and codes are preserved in observation breakdowns; opaque source vocabulary is not guessed.",PERSONS,population,Indv10_PopulationByMaritalStatus:e_separated
CENSUS_INDV11_ROWTOTAL,Population By Age At First Marriage: rowtotal (Census 2021),"Source column rowtotal from Indv11_PopulationByAgeAtFirstMarriage.csv, National Population and Housing Census 2021. Source dimension labels and codes are preserved in observation breakdowns; opaque source vocabulary is not guessed.",PERSONS,population,Indv11_PopulationByAgeAtFirstMarriage:rowtotal
CENSUS_INDV11_A_BELOW10,Population By Age At First Marriage: a_below10 (Census 2021),"Source column a_below10 from Indv11_PopulationByAgeAtFirstMarriage.csv, National Population and Housing Census 2021. Source dimension labels and codes are preserved in observation breakdowns; opaque source vocabulary is not guessed.",PERSONS,population,Indv11_PopulationByAgeAtFirstMarriage:a_below10
CENSUS_INDV11_B_10TO14,Population By Age At First Marriage: b_10to14 (Census 2021),"Source column b_10to14 from Indv11_PopulationByAgeAtFirstMarriage.csv, National Population and Housing Census 2021. Source dimension labels and codes are preserved in observation breakdowns; opaque source vocabulary is not guessed.",PERSONS,population,Indv11_PopulationByAgeAtFirstMarriage:b_10to14
CENSUS_INDV11_C_15TO17,Population By Age At First Marriage: c_15to17 (Census 2021),"Source column c_15to17 from Indv11_PopulationByAgeAtFirstMarriage.csv, National Population and Housing Census 2021. Source dimension labels and codes are preserved in observation breakdowns; opaque source vocabulary is not guessed.",PERSONS,population,Indv11_PopulationByAgeAtFirstMarriage:c_15to17
CENSUS_INDV11_D_18TO19,Population By Age At First Marriage: d_18to19 (Census 2021),"Source column d_18to19 from Indv11_PopulationByAgeAtFirstMarriage.csv, National Population and Housing Census 2021. Source dimension labels and codes are preserved in observation breakdowns; opaque source vocabulary is not guessed.",PERSONS,population,Indv11_PopulationByAgeAtFirstMarriage:d_18to19
CENSUS_INDV11_E_20TO24,Population By Age At First Marriage: e_20to24 (Census 2021),"Source column e_20to24 from Indv11_PopulationByAgeAtFirstMarriage.csv, National Population and Housing Census 2021. Source dimension labels and codes are preserved in observation breakdowns; opaque source vocabulary is not guessed.",PERSONS,population,Indv11_PopulationByAgeAtFirstMarriage:e_20to24
CENSUS_INDV11_F_25TO29,Population By Age At First Marriage: f_25to29 (Census 2021),"Source column f_25to29 from Indv11_PopulationByAgeAtFirstMarriage.csv, National Population and Housing Census 2021. Source dimension labels and codes are preserved in observation breakdowns; opaque source vocabulary is not guessed.",PERSONS,population,Indv11_PopulationByAgeAtFirstMarriage:f_25to29
CENSUS_INDV11_G_30TO34,Population By Age At First Marriage: g_30to34 (Census 2021),"Source column g_30to34 from Indv11_PopulationByAgeAtFirstMarriage.csv, National Population and Housing Census 2021. Source dimension labels and codes are preserved in observation breakdowns; opaque source vocabulary is not guessed.",PERSONS,population,Indv11_PopulationByAgeAtFirstMarriage:g_30to34
CENSUS_INDV11_H_35TO39,Population By Age At First Marriage: h_35to39 (Census 2021),"Source column h_35to39 from Indv11_PopulationByAgeAtFirstMarriage.csv, National Population and Housing Census 2021. Source dimension labels and codes are preserved in observation breakdowns; opaque source vocabulary is not guessed.",PERSONS,population,Indv11_PopulationByAgeAtFirstMarriage:h_35to39
CENSUS_INDV11_I_40TO44,Population By Age At First Marriage: i_40to44 (Census 2021),"Source column i_40to44 from Indv11_PopulationByAgeAtFirstMarriage.csv, National Population and Housing Census 2021. Source dimension labels and codes are preserved in observation breakdowns; opaque source vocabulary is not guessed.",PERSONS,population,Indv11_PopulationByAgeAtFirstMarriage:i_40to44
CENSUS_INDV11_J_45TO49,Population By Age At First Marriage: j_45to49 (Census 2021),"Source column j_45to49 from Indv11_PopulationByAgeAtFirstMarriage.csv, National Population and Housing Census 2021. Source dimension labels and codes are preserved in observation breakdowns; opaque source vocabulary is not guessed.",PERSONS,population,Indv11_PopulationByAgeAtFirstMarriage:j_45to49
CENSUS_INDV11_K_50PLUS,Population By Age At First Marriage: k_50plus (Census 2021),"Source column k_50plus from Indv11_PopulationByAgeAtFirstMarriage.csv, National Population and Housing Census 2021. Source dimension labels and codes are preserved in observation breakdowns; opaque source vocabulary is not guessed.",PERSONS,population,Indv11_PopulationByAgeAtFirstMarriage:k_50plus
CENSUS_INDV11_L_NOTSTD,Population By Age At First Marriage: l_notstd (Census 2021),"Source column l_notstd from Indv11_PopulationByAgeAtFirstMarriage.csv, National Population and Housing Census 2021. Source dimension labels and codes are preserved in observation breakdowns; opaque source vocabulary is not guessed.",PERSONS,population,Indv11_PopulationByAgeAtFirstMarriage:l_notstd
CENSUS_INDV16_ROWTOTAL,Population by disability status (Census 2021),"Source column rowtotal from Indv16_PopulationByDisability.csv, National Population and Housing Census 2021. Source dimension labels and codes are preserved in observation breakdowns; opaque source vocabulary is not guessed.",PERSONS,health,Indv16_PopulationByDisability:rowtotal
CENSUS_INDV16_A_PHYSICAL,Disability: physical (Census 2021),"Source column a_physical from Indv16_PopulationByDisability.csv, National Population and Housing Census 2021. Source dimension labels and codes are preserved in observation breakdowns; opaque source vocabulary is not guessed.",PERSONS,health,Indv16_PopulationByDisability:a_physical
CENSUS_INDV16_B_LOWVISION,Disability: low vision (Census 2021),"Source column b_lowvision from Indv16_PopulationByDisability.csv, National Population and Housing Census 2021. Source dimension labels and codes are preserved in observation breakdowns; opaque source vocabulary is not guessed.",PERSONS,health,Indv16_PopulationByDisability:b_lowvision
CENSUS_INDV16_C_BLIND,Disability: blind (Census 2021),"Source column c_blind from Indv16_PopulationByDisability.csv, National Population and Housing Census 2021. Source dimension labels and codes are preserved in observation breakdowns; opaque source vocabulary is not guessed.",PERSONS,health,Indv16_PopulationByDisability:c_blind
CENSUS_INDV16_D_DEAF,Disability: deaf (Census 2021),"Source column d_deaf from Indv16_PopulationByDisability.csv, National Population and Housing Census 2021. Source dimension labels and codes are preserved in observation breakdowns; opaque source vocabulary is not guessed.",PERSONS,health,Indv16_PopulationByDisability:d_deaf
CENSUS_INDV16_E_HARDHEAR,Disability: hard of hearing (Census 2021),"Source column e_hardhear from Indv16_PopulationByDisability.csv, National Population and Housing Census 2021. Source dimension labels and codes are preserved in observation breakdowns; opaque source vocabulary is not guessed.",PERSONS,health,Indv16_PopulationByDisability:e_hardhear
CENSUS_INDV16_F_DEAFBLIND,Disability: deafblind (Census 2021),"Source column f_deafblind from Indv16_PopulationByDisability.csv, National Population and Housing Census 2021. Source dimension labels and codes are preserved in observation breakdowns; opaque source vocabulary is not guessed.",PERSONS,health,Indv16_PopulationByDisability:f_deafblind
CENSUS_INDV16_G_SPEECH,Disability: speech (Census 2021),"Source column g_speech from Indv16_PopulationByDisability.csv, National Population and Housing Census 2021. Source dimension labels and codes are preserved in observation breakdowns; opaque source vocabulary is not guessed.",PERSONS,health,Indv16_PopulationByDisability:g_speech
CENSUS_INDV16_H_MENTAL,Disability: mental (Census 2021),"Source column h_mental from Indv16_PopulationByDisability.csv, National Population and Housing Census 2021. Source dimension labels and codes are preserved in observation breakdowns; opaque source vocabulary is not guessed.",PERSONS,health,Indv16_PopulationByDisability:h_mental
CENSUS_INDV16_I_INTELLECT,Disability: intellectual (Census 2021),"Source column i_intellect from Indv16_PopulationByDisability.csv, National Population and Housing Census 2021. Source dimension labels and codes are preserved in observation breakdowns; opaque source vocabulary is not guessed.",PERSONS,health,Indv16_PopulationByDisability:i_intellect
CENSUS_INDV16_J_HEMOPHILIA,Disability: haemophilia (Census 2021),"Source column j_hemophilia from Indv16_PopulationByDisability.csv, National Population and Housing Census 2021. Source dimension labels and codes are preserved in observation breakdowns; opaque source vocabulary is not guessed.",PERSONS,health,Indv16_PopulationByDisability:j_hemophilia
CENSUS_INDV16_K_AUTISM,Disability: autism (Census 2021),"Source column k_autism from Indv16_PopulationByDisability.csv, National Population and Housing Census 2021. Source dimension labels and codes are preserved in observation breakdowns; opaque source vocabulary is not guessed.",PERSONS,health,Indv16_PopulationByDisability:k_autism
CENSUS_INDV16_L_MULTIPLE,Disability: multiple (Census 2021),"Source column l_multiple from Indv16_PopulationByDisability.csv, National Population and Housing Census 2021. Source dimension labels and codes are preserved in observation breakdowns; opaque source vocabulary is not guessed.",PERSONS,health,Indv16_PopulationByDisability:l_multiple
CENSUS_INDV16_M_NODISABL,No disability (Census 2021),"Source column m_nodisabl from Indv16_PopulationByDisability.csv, National Population and Housing Census 2021. Source dimension labels and codes are preserved in observation breakdowns; opaque source vocabulary is not guessed.",PERSONS,health,Indv16_PopulationByDisability:m_nodisabl
CENSUS_INDV16_N_NOTSTD,Disability: not stated (Census 2021),"Source column n_notstd from Indv16_PopulationByDisability.csv, National Population and Housing Census 2021. Source dimension labels and codes are preserved in observation breakdowns; opaque source vocabulary is not guessed.",PERSONS,health,Indv16_PopulationByDisability:n_notstd
CENSUS_INDV17_ROWTOTAL,Population by literacy status (Census 2021),"Source column rowtotal from Indv17_PopulationByLiteracyStatus.csv, National Population and Housing Census 2021. Source dimension labels and codes are preserved in observation breakdowns; opaque source vocabulary is not guessed.",PERSONS,education,Indv17_PopulationByLiteracyStatus:rowtotal
CENSUS_INDV17_A_READWRITE,Literacy: can read and write (Census 2021),"Source column a_readwrite from Indv17_PopulationByLiteracyStatus.csv, National Population and Housing Census 2021. Source dimension labels and codes are preserved in observation breakdowns; opaque source vocabulary is not guessed.",PERSONS,education,Indv17_PopulationByLiteracyStatus:a_readwrite
CENSUS_INDV17_B_READONLY,Literacy: can read only (Census 2021),"Source column b_readonly from Indv17_PopulationByLiteracyStatus.csv, National Population and Housing Census 2021. Source dimension labels and codes are preserved in observation breakdowns; opaque source vocabulary is not guessed.",PERSONS,education,Indv17_PopulationByLiteracyStatus:b_readonly
CENSUS_INDV17_C_NOREADWRITE,Literacy: cannot read or write (Census 2021),"Source column c_noreadwrite from Indv17_PopulationByLiteracyStatus.csv, National Population and Housing Census 2021. Source dimension labels and codes are preserved in observation breakdowns; opaque source vocabulary is not guessed.",PERSONS,education,Indv17_PopulationByLiteracyStatus:c_noreadwrite
CENSUS_INDV17_D_NOTSTD,Literacy: not stated (Census 2021),"Source column d_notstd from Indv17_PopulationByLiteracyStatus.csv, National Population and Housing Census 2021. Source dimension labels and codes are preserved in observation breakdowns; opaque source vocabulary is not guessed.",PERSONS,education,Indv17_PopulationByLiteracyStatus:d_notstd
CENSUS_INDV18_ROWTOTAL,Population by education level (Census 2021),"Source column rowtotal from Indv18_PopulationByEduLevel.csv, National Population and Housing Census 2021. Source dimension labels and codes are preserved in observation breakdowns; opaque source vocabulary is not guessed.",PERSONS,education,Indv18_PopulationByEduLevel:rowtotal
CENSUS_INDV18_A_EARLYEDU,Education: early childhood education (Census 2021),"Source column a_earlyedu from Indv18_PopulationByEduLevel.csv, National Population and Housing Census 2021. Source dimension labels and codes are preserved in observation breakdowns; opaque source vocabulary is not guessed.",PERSONS,education,Indv18_PopulationByEduLevel:a_earlyedu
CENSUS_INDV18_B_PRIMARY,Education: primary (Census 2021),"Source column b_primary from Indv18_PopulationByEduLevel.csv, National Population and Housing Census 2021. Source dimension labels and codes are preserved in observation breakdowns; opaque source vocabulary is not guessed.",PERSONS,education,Indv18_PopulationByEduLevel:b_primary
CENSUS_INDV18_C_LOWRSECNDRY,Education: lower secondary (Census 2021),"Source column c_lowrsecndry from Indv18_PopulationByEduLevel.csv, National Population and Housing Census 2021. Source dimension labels and codes are preserved in observation breakdowns; opaque source vocabulary is not guessed.",PERSONS,education,Indv18_PopulationByEduLevel:c_lowrsecndry
CENSUS_INDV18_D_UPPRSECNDRY,Education: upper secondary (Census 2021),"Source column d_upprsecndry from Indv18_PopulationByEduLevel.csv, National Population and Housing Census 2021. Source dimension labels and codes are preserved in observation breakdowns; opaque source vocabulary is not guessed.",PERSONS,education,Indv18_PopulationByEduLevel:d_upprsecndry
CENSUS_INDV18_E_SLC,Education: SLC (Census 2021),"Source column e_slc from Indv18_PopulationByEduLevel.csv, National Population and Housing Census 2021. Source dimension labels and codes are preserved in observation breakdowns; opaque source vocabulary is not guessed.",PERSONS,education,Indv18_PopulationByEduLevel:e_slc
CENSUS_INDV18_F_INTER,Education: intermediate (Census 2021),"Source column f_inter from Indv18_PopulationByEduLevel.csv, National Population and Housing Census 2021. Source dimension labels and codes are preserved in observation breakdowns; opaque source vocabulary is not guessed.",PERSONS,education,Indv18_PopulationByEduLevel:f_inter
CENSUS_INDV18_G_GRADUAT,Education: graduate (Census 2021),"Source column g_graduat from Indv18_PopulationByEduLevel.csv, National Population and Housing Census 2021. Source dimension labels and codes are preserved in observation breakdowns; opaque source vocabulary is not guessed.",PERSONS,education,Indv18_PopulationByEduLevel:g_graduat
CENSUS_INDV18_H_PGRADUAT,Education: post-graduate (Census 2021),"Source column h_pgraduat from Indv18_PopulationByEduLevel.csv, National Population and Housing Census 2021. Source dimension labels and codes are preserved in observation breakdowns; opaque source vocabulary is not guessed.",PERSONS,education,Indv18_PopulationByEduLevel:h_pgraduat
CENSUS_INDV18_I_OTHER,Education: other (Census 2021),"Source column i_other from Indv18_PopulationByEduLevel.csv, National Population and Housing Census 2021. Source dimension labels and codes are preserved in observation breakdowns; opaque source vocabulary is not guessed.",PERSONS,education,Indv18_PopulationByEduLevel:i_other
CENSUS_INDV18_J_NOLEVEL,Education: no level passed (Census 2021),"Source column j_nolevel from Indv18_PopulationByEduLevel.csv, National Population and Housing Census 2021. Source dimension labels and codes are preserved in observation breakdowns; opaque source vocabulary is not guessed.",PERSONS,education,Indv18_PopulationByEduLevel:j_nolevel
CENSUS_INDV18_K_NOTSTD,Education: not stated (Census 2021),"Source column k_notstd from Indv18_PopulationByEduLevel.csv, National Population and Housing Census 2021. Source dimension labels and codes are preserved in observation breakdowns; opaque source vocabulary is not guessed.",PERSONS,education,Indv18_PopulationByEduLevel:k_notstd
CENSUS_INDV19_ROWTOTAL,Population By School Attendance: rowtotal (Census 2021),"Source column rowtotal from Indv19_PopulationBySchoolAttendance.csv, National Population and Housing Census 2021. Source dimension labels and codes are preserved in observation breakdowns; opaque source vocabulary is not guessed.",PERSONS,education,Indv19_PopulationBySchoolAttendance:rowtotal
CENSUS_INDV19_CA_EARLYCHILDHOOD,Population By School Attendance: ca_earlychildhood (Census 2021),"Source column ca_earlychildhood from Indv19_PopulationBySchoolAttendance.csv, National Population and Housing Census 2021. Source dimension labels and codes are preserved in observation breakdowns; opaque source vocabulary is not guessed.",PERSONS,education,Indv19_PopulationBySchoolAttendance:ca_earlychildhood
CENSUS_INDV19_CA_PRIMARY,Population By School Attendance: ca_primary (Census 2021),"Source column ca_primary from Indv19_PopulationBySchoolAttendance.csv, National Population and Housing Census 2021. Source dimension labels and codes are preserved in observation breakdowns; opaque source vocabulary is not guessed.",PERSONS,education,Indv19_PopulationBySchoolAttendance:ca_primary
CENSUS_INDV19_CA_LOWRSECNDRY,Population By School Attendance: ca_lowrsecndry (Census 2021),"Source column ca_lowrsecndry from Indv19_PopulationBySchoolAttendance.csv, National Population and Housing Census 2021. Source dimension labels and codes are preserved in observation breakdowns; opaque source vocabulary is not guessed.",PERSONS,education,Indv19_PopulationBySchoolAttendance:ca_lowrsecndry
CENSUS_INDV19_CA_UPPRSECNDRY,Population By School Attendance: ca_upprsecndry (Census 2021),"Source column ca_upprsecndry from Indv19_PopulationBySchoolAttendance.csv, National Population and Housing Census 2021. Source dimension labels and codes are preserved in observation breakdowns; opaque source vocabulary is not guessed.",PERSONS,education,Indv19_PopulationBySchoolAttendance:ca_upprsecndry
CENSUS_INDV19_CA_OTHERS,Population By School Attendance: ca_others (Census 2021),"Source column ca_others from Indv19_PopulationBySchoolAttendance.csv, National Population and Housing Census 2021. Source dimension labels and codes are preserved in observation breakdowns; opaque source vocabulary is not guessed.",PERSONS,education,Indv19_PopulationBySchoolAttendance:ca_others
CENSUS_INDV19_CA_NOTSTD,Population By School Attendance: ca_notstd (Census 2021),"Source column ca_notstd from Indv19_PopulationBySchoolAttendance.csv, National Population and Housing Census 2021. Source dimension labels and codes are preserved in observation breakdowns; opaque source vocabulary is not guessed.",PERSONS,education,Indv19_PopulationBySchoolAttendance:ca_notstd
CENSUS_INDV19_CNA_EARLYCHILDHOOD,Population By School Attendance: cna_earlychildhood (Census 2021),"Source column cna_earlychildhood from Indv19_PopulationBySchoolAttendance.csv, National Population and Housing Census 2021. Source dimension labels and codes are preserved in observation breakdowns; opaque source vocabulary is not guessed.",PERSONS,education,Indv19_PopulationBySchoolAttendance:cna_earlychildhood
CENSUS_INDV19_CNA_PRIMARY,Population By School Attendance: cna_primary (Census 2021),"Source column cna_primary from Indv19_PopulationBySchoolAttendance.csv, National Population and Housing Census 2021. Source dimension labels and codes are preserved in observation breakdowns; opaque source vocabulary is not guessed.",PERSONS,education,Indv19_PopulationBySchoolAttendance:cna_primary
CENSUS_INDV19_CNA_LOWRSECNDRY,Population By School Attendance: cna_lowrsecndry (Census 2021),"Source column cna_lowrsecndry from Indv19_PopulationBySchoolAttendance.csv, National Population and Housing Census 2021. Source dimension labels and codes are preserved in observation breakdowns; opaque source vocabulary is not guessed.",PERSONS,education,Indv19_PopulationBySchoolAttendance:cna_lowrsecndry
CENSUS_INDV19_CNA_UPPRSECNDRY,Population By School Attendance: cna_upprsecndry (Census 2021),"Source column cna_upprsecndry from Indv19_PopulationBySchoolAttendance.csv, National Population and Housing Census 2021. Source dimension labels and codes are preserved in observation breakdowns; opaque source vocabulary is not guessed.",PERSONS,education,Indv19_PopulationBySchoolAttendance:cna_upprsecndry
CENSUS_INDV19_CNA_OTHERS,Population By School Attendance: cna_others (Census 2021),"Source column cna_others from Indv19_PopulationBySchoolAttendance.csv, National Population and Housing Census 2021. Source dimension labels and codes are preserved in observation breakdowns; opaque source vocabulary is not guessed.",PERSONS,education,Indv19_PopulationBySchoolAttendance:cna_others
CENSUS_INDV19_CNA_NOTSTD,Population By School Attendance: cna_notstd (Census 2021),"Source column cna_notstd from Indv19_PopulationBySchoolAttendance.csv, National Population and Housing Census 2021. Source dimension labels and codes are preserved in observation breakdowns; opaque source vocabulary is not guessed.",PERSONS,education,Indv19_PopulationBySchoolAttendance:cna_notstd
CENSUS_INDV19_NEVERATTND,Population By School Attendance: neverattnd (Census 2021),"Source column neverattnd from Indv19_PopulationBySchoolAttendance.csv, National Population and Housing Census 2021. Source dimension labels and codes are preserved in observation breakdowns; opaque source vocabulary is not guessed.",PERSONS,education,Indv19_PopulationBySchoolAttendance:neverattnd
CENSUS_INDV19_ANS_EARLYCHILDHOOD,Population By School Attendance: ans_earlychildhood (Census 2021),"Source column ans_earlychildhood from Indv19_PopulationBySchoolAttendance.csv, National Population and Housing Census 2021. Source dimension labels and codes are preserved in observation breakdowns; opaque source vocabulary is not guessed.",PERSONS,education,Indv19_PopulationBySchoolAttendance:ans_earlychildhood
CENSUS_INDV19_ANS_PRIMARY,Population By School Attendance: ans_primary (Census 2021),"Source column ans_primary from Indv19_PopulationBySchoolAttendance.csv, National Population and Housing Census 2021. Source dimension labels and codes are preserved in observation breakdowns; opaque source vocabulary is not guessed.",PERSONS,education,Indv19_PopulationBySchoolAttendance:ans_primary
CENSUS_INDV19_ANS_LOWRSECNDRY,Population By School Attendance: ans_lowrsecndry (Census 2021),"Source column ans_lowrsecndry from Indv19_PopulationBySchoolAttendance.csv, National Population and Housing Census 2021. Source dimension labels and codes are preserved in observation breakdowns; opaque source vocabulary is not guessed.",PERSONS,education,Indv19_PopulationBySchoolAttendance:ans_lowrsecndry
CENSUS_INDV19_ANS_UPPRSECNDRY,Population By School Attendance: ans_upprsecndry (Census 2021),"Source column ans_upprsecndry from Indv19_PopulationBySchoolAttendance.csv, National Population and Housing Census 2021. Source dimension labels and codes are preserved in observation breakdowns; opaque source vocabulary is not guessed.",PERSONS,education,Indv19_PopulationBySchoolAttendance:ans_upprsecndry
CENSUS_INDV19_ANS_OTHERS,Population By School Attendance: ans_others (Census 2021),"Source column ans_others from Indv19_PopulationBySchoolAttendance.csv, National Population and Housing Census 2021. Source dimension labels and codes are preserved in observation breakdowns; opaque source vocabulary is not guessed.",PERSONS,education,Indv19_PopulationBySchoolAttendance:ans_others
CENSUS_INDV19_ANS_NOTSTD,Population By School Attendance: ans_notstd (Census 2021),"Source column ans_notstd from Indv19_PopulationBySchoolAttendance.csv, National Population and Housing Census 2021. Source dimension labels and codes are preserved in observation breakdowns; opaque source vocabulary is not guessed.",PERSONS,education,Indv19_PopulationBySchoolAttendance:ans_notstd
CENSUS_INDV20_MALE,Population By School Attendance: male (Census 2021),"Source column male from Indv20_PopulationBySchoolAttendance.csv, National Population and Housing Census 2021. Source dimension labels and codes are preserved in observation breakdowns; opaque source vocabulary is not guessed.",PERSONS,education,Indv20_PopulationBySchoolAttendance:male
CENSUS_INDV20_FEMALE,Population By School Attendance: female (Census 2021),"Source column female from Indv20_PopulationBySchoolAttendance.csv, National Population and Housing Census 2021. Source dimension labels and codes are preserved in observation breakdowns; opaque source vocabulary is not guessed.",PERSONS,education,Indv20_PopulationBySchoolAttendance:female
CENSUS_INDV20_ATTNDING_M,Population By School Attendance: attnding_m (Census 2021),"Source column attnding_m from Indv20_PopulationBySchoolAttendance.csv, National Population and Housing Census 2021. Source dimension labels and codes are preserved in observation breakdowns; opaque source vocabulary is not guessed.",PERSONS,education,Indv20_PopulationBySchoolAttendance:attnding_m
CENSUS_INDV20_ATTNDING_F,Population By School Attendance: attnding_f (Census 2021),"Source column attnding_f from Indv20_PopulationBySchoolAttendance.csv, National Population and Housing Census 2021. Source dimension labels and codes are preserved in observation breakdowns; opaque source vocabulary is not guessed.",PERSONS,education,Indv20_PopulationBySchoolAttendance:attnding_f
CENSUS_INDV20_EVRATTNDING_M,Population By School Attendance: evrattnding_m (Census 2021),"Source column evrattnding_m from Indv20_PopulationBySchoolAttendance.csv, National Population and Housing Census 2021. Source dimension labels and codes are preserved in observation breakdowns; opaque source vocabulary is not guessed.",PERSONS,education,Indv20_PopulationBySchoolAttendance:evrattnding_m
CENSUS_INDV20_EVRATTNDING_F,Population By School Attendance: evrattnding_f (Census 2021),"Source column evrattnding_f from Indv20_PopulationBySchoolAttendance.csv, National Population and Housing Census 2021. Source dimension labels and codes are preserved in observation breakdowns; opaque source vocabulary is not guessed.",PERSONS,education,Indv20_PopulationBySchoolAttendance:evrattnding_f
CENSUS_INDV20_NVRATTNDING_M,Population By School Attendance: nvrattnding_m (Census 2021),"Source column nvrattnding_m from Indv20_PopulationBySchoolAttendance.csv, National Population and Housing Census 2021. Source dimension labels and codes are preserved in observation breakdowns; opaque source vocabulary is not guessed.",PERSONS,education,Indv20_PopulationBySchoolAttendance:nvrattnding_m
CENSUS_INDV20_NVRATTNDING_F,Population By School Attendance: nvrattnding_f (Census 2021),"Source column nvrattnding_f from Indv20_PopulationBySchoolAttendance.csv, National Population and Housing Census 2021. Source dimension labels and codes are preserved in observation breakdowns; opaque source vocabulary is not guessed.",PERSONS,education,Indv20_PopulationBySchoolAttendance:nvrattnding_f
CENSUS_INDV20_NOTSTD_M,Population By School Attendance: notstd_m (Census 2021),"Source column notstd_m from Indv20_PopulationBySchoolAttendance.csv, National Population and Housing Census 2021. Source dimension labels and codes are preserved in observation breakdowns; opaque source vocabulary is not guessed.",PERSONS,education,Indv20_PopulationBySchoolAttendance:notstd_m
CENSUS_INDV20_NOTSTD_F,Population By School Attendance: notstd_f (Census 2021),"Source column notstd_f from Indv20_PopulationBySchoolAttendance.csv, National Population and Housing Census 2021. Source dimension labels and codes are preserved in observation breakdowns; opaque source vocabulary is not guessed.",PERSONS,education,Indv20_PopulationBySchoolAttendance:notstd_f
CENSUS_INDV21_ROWTOTAL,Population By Field Of Educatn: rowtotal (Census 2021),"Source column rowtotal from Indv21_PopulationByFieldOfEducatn.csv, National Population and Housing Census 2021. Source dimension labels and codes are preserved in observation breakdowns; opaque source vocabulary is not guessed.",PERSONS,education,Indv21_PopulationByFieldOfEducatn:rowtotal
CENSUS_INDV21_A_HUMNTY,Population By Field Of Educatn: a_humnty (Census 2021),"Source column a_humnty from Indv21_PopulationByFieldOfEducatn.csv, National Population and Housing Census 2021. Source dimension labels and codes are preserved in observation breakdowns; opaque source vocabulary is not guessed.",PERSONS,education,Indv21_PopulationByFieldOfEducatn:a_humnty
CENSUS_INDV21_B_MGM,Population By Field Of Educatn: b_mgm (Census 2021),"Source column b_mgm from Indv21_PopulationByFieldOfEducatn.csv, National Population and Housing Census 2021. Source dimension labels and codes are preserved in observation breakdowns; opaque source vocabulary is not guessed.",PERSONS,education,Indv21_PopulationByFieldOfEducatn:b_mgm
CENSUS_INDV21_C_EDU,Population By Field Of Educatn: c_edu (Census 2021),"Source column c_edu from Indv21_PopulationByFieldOfEducatn.csv, National Population and Housing Census 2021. Source dimension labels and codes are preserved in observation breakdowns; opaque source vocabulary is not guessed.",PERSONS,education,Indv21_PopulationByFieldOfEducatn:c_edu
CENSUS_INDV21_D_SCIENCE,Population By Field Of Educatn: d_science (Census 2021),"Source column d_science from Indv21_PopulationByFieldOfEducatn.csv, National Population and Housing Census 2021. Source dimension labels and codes are preserved in observation breakdowns; opaque source vocabulary is not guessed.",PERSONS,education,Indv21_PopulationByFieldOfEducatn:d_science
CENSUS_INDV21_E_MEDICINE,Population By Field Of Educatn: e_medicine (Census 2021),"Source column e_medicine from Indv21_PopulationByFieldOfEducatn.csv, National Population and Housing Census 2021. Source dimension labels and codes are preserved in observation breakdowns; opaque source vocabulary is not guessed.",PERSONS,education,Indv21_PopulationByFieldOfEducatn:e_medicine
CENSUS_INDV21_F_ENGINRING,Population By Field Of Educatn: f_enginring (Census 2021),"Source column f_enginring from Indv21_PopulationByFieldOfEducatn.csv, National Population and Housing Census 2021. Source dimension labels and codes are preserved in observation breakdowns; opaque source vocabulary is not guessed.",PERSONS,education,Indv21_PopulationByFieldOfEducatn:f_enginring
CENSUS_INDV21_G_LAW,Population By Field Of Educatn: g_law (Census 2021),"Source column g_law from Indv21_PopulationByFieldOfEducatn.csv, National Population and Housing Census 2021. Source dimension labels and codes are preserved in observation breakdowns; opaque source vocabulary is not guessed.",PERSONS,education,Indv21_PopulationByFieldOfEducatn:g_law
CENSUS_INDV21_H_AGRI,Population By Field Of Educatn: h_agri (Census 2021),"Source column h_agri from Indv21_PopulationByFieldOfEducatn.csv, National Population and Housing Census 2021. Source dimension labels and codes are preserved in observation breakdowns; opaque source vocabulary is not guessed.",PERSONS,education,Indv21_PopulationByFieldOfEducatn:h_agri
CENSUS_INDV21_I_FORSTRY,Population By Field Of Educatn: i_forstry (Census 2021),"Source column i_forstry from Indv21_PopulationByFieldOfEducatn.csv, National Population and Housing Census 2021. Source dimension labels and codes are preserved in observation breakdowns; opaque source vocabulary is not guessed.",PERSONS,education,Indv21_PopulationByFieldOfEducatn:i_forstry
CENSUS_INDV21_J_VETNRY,Population By Field Of Educatn: j_vetnry (Census 2021),"Source column j_vetnry from Indv21_PopulationByFieldOfEducatn.csv, National Population and Housing Census 2021. Source dimension labels and codes are preserved in observation breakdowns; opaque source vocabulary is not guessed.",PERSONS,education,Indv21_PopulationByFieldOfEducatn:j_vetnry
CENSUS_INDV21_K_COMPUTR,Population By Field Of Educatn: k_computr (Census 2021),"Source column k_computr from Indv21_PopulationByFieldOfEducatn.csv, National Population and Housing Census 2021. Source dimension labels and codes are preserved in observation breakdowns; opaque source vocabulary is not guessed.",PERSONS,education,Indv21_PopulationByFieldOfEducatn:k_computr
CENSUS_INDV21_L_OTHERS,Population By Field Of Educatn: l_others (Census 2021),"Source column l_others from Indv21_PopulationByFieldOfEducatn.csv, National Population and Housing Census 2021. Source dimension labels and codes are preserved in observation breakdowns; opaque source vocabulary is not guessed.",PERSONS,education,Indv21_PopulationByFieldOfEducatn:l_others
CENSUS_INDV21_M_NOTSTD,Population By Field Of Educatn: m_notstd (Census 2021),"Source column m_notstd from Indv21_PopulationByFieldOfEducatn.csv, National Population and Housing Census 2021. Source dimension labels and codes are preserved in observation breakdowns; opaque source vocabulary is not guessed.",PERSONS,education,Indv21_PopulationByFieldOfEducatn:m_notstd
CENSUS_INDV22_ROWTOTAL,Population by place of birth (Census 2021),"Source column rowtotal from Indv22_PopulationByPlaceOfBirth.csv, National Population and Housing Census 2021. Source dimension labels and codes are preserved in observation breakdowns; opaque source vocabulary is not guessed.",PERSONS,population,Indv22_PopulationByPlaceOfBirth:rowtotal
CENSUS_INDV22_ALLNATIVEBORN,Born in Nepal (Census 2021),"Source column allNativeBorn from Indv22_PopulationByPlaceOfBirth.csv, National Population and Housing Census 2021. Source dimension labels and codes are preserved in observation breakdowns; opaque source vocabulary is not guessed.",PERSONS,population,Indv22_PopulationByPlaceOfBirth:allNativeBorn
CENSUS_INDV22_NB_SAMEPALIKA,Born in the same municipality (Census 2021),"Source column nb_samePalika from Indv22_PopulationByPlaceOfBirth.csv, National Population and Housing Census 2021. Source dimension labels and codes are preserved in observation breakdowns; opaque source vocabulary is not guessed.",PERSONS,population,Indv22_PopulationByPlaceOfBirth:nb_samePalika
CENSUS_INDV22_NB_OTHRPALIKA,Born in another municipality (Census 2021),"Source column nb_othrPalika from Indv22_PopulationByPlaceOfBirth.csv, National Population and Housing Census 2021. Source dimension labels and codes are preserved in observation breakdowns; opaque source vocabulary is not guessed.",PERSONS,population,Indv22_PopulationByPlaceOfBirth:nb_othrPalika
CENSUS_INDV22_NB_OTHRDIST_M,Born in another district: Mountain (Census 2021),"Source column nb_othrDist_M from Indv22_PopulationByPlaceOfBirth.csv, National Population and Housing Census 2021. Source dimension labels and codes are preserved in observation breakdowns; opaque source vocabulary is not guessed. Belt name derived from the same census's Indv26_MigratedPopulationByEcoBelt, whose columns are Mountain/Hill/Tarai/NotStated in this order; not inferred from the abbreviation alone.",PERSONS,population,Indv22_PopulationByPlaceOfBirth:nb_othrDist_M
CENSUS_INDV22_NB_OTHRDIST_H,Born in another district: Hill (Census 2021),"Source column nb_othrDist_H from Indv22_PopulationByPlaceOfBirth.csv, National Population and Housing Census 2021. Source dimension labels and codes are preserved in observation breakdowns; opaque source vocabulary is not guessed. Belt name derived from the same census's Indv26_MigratedPopulationByEcoBelt, whose columns are Mountain/Hill/Tarai/NotStated in this order; not inferred from the abbreviation alone.",PERSONS,population,Indv22_PopulationByPlaceOfBirth:nb_othrDist_H
CENSUS_INDV22_NB_OTHRDIST_T,Born in another district: Tarai (Census 2021),"Source column nb_othrDist_T from Indv22_PopulationByPlaceOfBirth.csv, National Population and Housing Census 2021. Source dimension labels and codes are preserved in observation breakdowns; opaque source vocabulary is not guessed. Belt name derived from the same census's Indv26_MigratedPopulationByEcoBelt, whose columns are Mountain/Hill/Tarai/NotStated in this order; not inferred from the abbreviation alone.",PERSONS,population,Indv22_PopulationByPlaceOfBirth:nb_othrDist_T
CENSUS_INDV22_NB_OTHRDIST_NS,Born in another district: belt not stated (Census 2021),"Source column nb_othrDist_NS from Indv22_PopulationByPlaceOfBirth.csv, National Population and Housing Census 2021. Source dimension labels and codes are preserved in observation breakdowns; opaque source vocabulary is not guessed. Belt name derived from the same census's Indv26_MigratedPopulationByEcoBelt, whose columns are Mountain/Hill/Tarai/NotStated in this order; not inferred from the abbreviation alone.",PERSONS,population,Indv22_PopulationByPlaceOfBirth:nb_othrDist_NS
CENSUS_INDV22_FBORN,Born abroad (Census 2021),"Source column fBorn from Indv22_PopulationByPlaceOfBirth.csv, National Population and Housing Census 2021. Source dimension labels and codes are preserved in observation breakdowns; opaque source vocabulary is not guessed.",PERSONS,population,Indv22_PopulationByPlaceOfBirth:fBorn
CENSUS_INDV22_NOTSTD,Place of birth not stated (Census 2021),"Source column notstd from Indv22_PopulationByPlaceOfBirth.csv, National Population and Housing Census 2021. Source dimension labels and codes are preserved in observation breakdowns; opaque source vocabulary is not guessed.",PERSONS,population,Indv22_PopulationByPlaceOfBirth:notstd
CENSUS_INDV23_ROWTOTAL,Migrated Population By Prov: rowtotal (Census 2021),"Source column rowtotal from Indv23_MigratedPopulationByProv.csv, National Population and Housing Census 2021. Source dimension labels and codes are preserved in observation breakdowns; opaque source vocabulary is not guessed.",PERSONS,population,Indv23_MigratedPopulationByProv:rowtotal
CENSUS_INDV23_A_PROVINCE1,Migrated Population By Prov: a_Province1 (Census 2021),"Source column a_Province1 from Indv23_MigratedPopulationByProv.csv, National Population and Housing Census 2021. Source dimension labels and codes are preserved in observation breakdowns; opaque source vocabulary is not guessed.",PERSONS,population,Indv23_MigratedPopulationByProv:a_Province1
CENSUS_INDV23_B_MADHESH,Migrated Population By Prov: b_Madhesh (Census 2021),"Source column b_Madhesh from Indv23_MigratedPopulationByProv.csv, National Population and Housing Census 2021. Source dimension labels and codes are preserved in observation breakdowns; opaque source vocabulary is not guessed.",PERSONS,population,Indv23_MigratedPopulationByProv:b_Madhesh
CENSUS_INDV23_C_BAGMATI,Migrated Population By Prov: c_Bagmati (Census 2021),"Source column c_Bagmati from Indv23_MigratedPopulationByProv.csv, National Population and Housing Census 2021. Source dimension labels and codes are preserved in observation breakdowns; opaque source vocabulary is not guessed.",PERSONS,population,Indv23_MigratedPopulationByProv:c_Bagmati
CENSUS_INDV23_D_GANDAKI,Migrated Population By Prov: d_Gandaki (Census 2021),"Source column d_Gandaki from Indv23_MigratedPopulationByProv.csv, National Population and Housing Census 2021. Source dimension labels and codes are preserved in observation breakdowns; opaque source vocabulary is not guessed.",PERSONS,population,Indv23_MigratedPopulationByProv:d_Gandaki
CENSUS_INDV23_E_LUMBINI,Migrated Population By Prov: e_Lumbini (Census 2021),"Source column e_Lumbini from Indv23_MigratedPopulationByProv.csv, National Population and Housing Census 2021. Source dimension labels and codes are preserved in observation breakdowns; opaque source vocabulary is not guessed.",PERSONS,population,Indv23_MigratedPopulationByProv:e_Lumbini
CENSUS_INDV23_F_KARNALI,Migrated Population By Prov: f_Karnali (Census 2021),"Source column f_Karnali from Indv23_MigratedPopulationByProv.csv, National Population and Housing Census 2021. Source dimension labels and codes are preserved in observation breakdowns; opaque source vocabulary is not guessed.",PERSONS,population,Indv23_MigratedPopulationByProv:f_Karnali
CENSUS_INDV23_G_SUDURPASCHIM,Migrated Population By Prov: g_Sudurpaschim (Census 2021),"Source column g_Sudurpaschim from Indv23_MigratedPopulationByProv.csv, National Population and Housing Census 2021. Source dimension labels and codes are preserved in observation breakdowns; opaque source vocabulary is not guessed.",PERSONS,population,Indv23_MigratedPopulationByProv:g_Sudurpaschim
CENSUS_INDV23_H_NOTSTD,Migrated Population By Prov: h_Notstd (Census 2021),"Source column h_Notstd from Indv23_MigratedPopulationByProv.csv, National Population and Housing Census 2021. Source dimension labels and codes are preserved in observation breakdowns; opaque source vocabulary is not guessed.",PERSONS,population,Indv23_MigratedPopulationByProv:h_Notstd
CENSUS_INDV24_ROWTOTAL,Population By Country Of Birth: rowtotal (Census 2021),"Source column rowtotal from Indv24_PopulationByCountryOfBirth.csv, National Population and Housing Census 2021. Source dimension labels and codes are preserved in observation breakdowns; opaque source vocabulary is not guessed.",PERSONS,population,Indv24_PopulationByCountryOfBirth:rowtotal
CENSUS_INDV24_A_INDIA,Population By Country Of Birth: a_india (Census 2021),"Source column a_india from Indv24_PopulationByCountryOfBirth.csv, National Population and Housing Census 2021. Source dimension labels and codes are preserved in observation breakdowns; opaque source vocabulary is not guessed.",PERSONS,population,Indv24_PopulationByCountryOfBirth:a_india
CENSUS_INDV24_B_SAARC,Population By Country Of Birth: b_saarc (Census 2021),"Source column b_saarc from Indv24_PopulationByCountryOfBirth.csv, National Population and Housing Census 2021. Source dimension labels and codes are preserved in observation breakdowns; opaque source vocabulary is not guessed.",PERSONS,population,Indv24_PopulationByCountryOfBirth:b_saarc
CENSUS_INDV24_C_ASEAN,Population By Country Of Birth: c_asean (Census 2021),"Source column c_asean from Indv24_PopulationByCountryOfBirth.csv, National Population and Housing Census 2021. Source dimension labels and codes are preserved in observation breakdowns; opaque source vocabulary is not guessed.",PERSONS,population,Indv24_PopulationByCountryOfBirth:c_asean
CENSUS_INDV24_D_MIDLEAST,Population By Country Of Birth: d_midleast (Census 2021),"Source column d_midleast from Indv24_PopulationByCountryOfBirth.csv, National Population and Housing Census 2021. Source dimension labels and codes are preserved in observation breakdowns; opaque source vocabulary is not guessed.",PERSONS,population,Indv24_PopulationByCountryOfBirth:d_midleast
CENSUS_INDV24_E_OTHRASIAN,Population By Country Of Birth: e_othrasian (Census 2021),"Source column e_othrasian from Indv24_PopulationByCountryOfBirth.csv, National Population and Housing Census 2021. Source dimension labels and codes are preserved in observation breakdowns; opaque source vocabulary is not guessed.",PERSONS,population,Indv24_PopulationByCountryOfBirth:e_othrasian
CENSUS_INDV24_F_EUCNTRY,Population By Country Of Birth: f_eucntry (Census 2021),"Source column f_eucntry from Indv24_PopulationByCountryOfBirth.csv, National Population and Housing Census 2021. Source dimension labels and codes are preserved in observation breakdowns; opaque source vocabulary is not guessed.",PERSONS,population,Indv24_PopulationByCountryOfBirth:f_eucntry
CENSUS_INDV24_G_OTHREUROPN,Population By Country Of Birth: g_othreuropn (Census 2021),"Source column g_othreuropn from Indv24_PopulationByCountryOfBirth.csv, National Population and Housing Census 2021. Source dimension labels and codes are preserved in observation breakdowns; opaque source vocabulary is not guessed.",PERSONS,population,Indv24_PopulationByCountryOfBirth:g_othreuropn
CENSUS_INDV24_H_NORTHAMERICN,Population By Country Of Birth: h_northamericn (Census 2021),"Source column h_northamericn from Indv24_PopulationByCountryOfBirth.csv, National Population and Housing Census 2021. Source dimension labels and codes are preserved in observation breakdowns; opaque source vocabulary is not guessed.",PERSONS,population,Indv24_PopulationByCountryOfBirth:h_northamericn
CENSUS_INDV24_I_SOUTHAMERICN,Population By Country Of Birth: i_southamericn (Census 2021),"Source column i_southamericn from Indv24_PopulationByCountryOfBirth.csv, National Population and Housing Census 2021. Source dimension labels and codes are preserved in observation breakdowns; opaque source vocabulary is not guessed.",PERSONS,population,Indv24_PopulationByCountryOfBirth:i_southamericn
CENSUS_INDV24_J_AFRICAN,Population By Country Of Birth: j_african (Census 2021),"Source column j_african from Indv24_PopulationByCountryOfBirth.csv, National Population and Housing Census 2021. Source dimension labels and codes are preserved in observation breakdowns; opaque source vocabulary is not guessed.",PERSONS,population,Indv24_PopulationByCountryOfBirth:j_african
CENSUS_INDV24_K_PACIFIC,Population By Country Of Birth: k_pacific (Census 2021),"Source column k_pacific from Indv24_PopulationByCountryOfBirth.csv, National Population and Housing Census 2021. Source dimension labels and codes are preserved in observation breakdowns; opaque source vocabulary is not guessed.",PERSONS,population,Indv24_PopulationByCountryOfBirth:k_pacific
CENSUS_INDV24_L_OTHER,Population By Country Of Birth: l_other (Census 2021),"Source column l_other from Indv24_PopulationByCountryOfBirth.csv, National Population and Housing Census 2021. Source dimension labels and codes are preserved in observation breakdowns; opaque source vocabulary is not guessed.",PERSONS,population,Indv24_PopulationByCountryOfBirth:l_other
CENSUS_INDV24_M_NOTSTD,Population By Country Of Birth: m_notstd (Census 2021),"Source column m_notstd from Indv24_PopulationByCountryOfBirth.csv, National Population and Housing Census 2021. Source dimension labels and codes are preserved in observation breakdowns; opaque source vocabulary is not guessed.",PERSONS,population,Indv24_PopulationByCountryOfBirth:m_notstd
CENSUS_INDV25_ROWTOTAL,Population By Place Of Stay: rowtotal (Census 2021),"Source column rowtotal from Indv25_PopulationByPlaceOfStay.csv, National Population and Housing Census 2021. Source dimension labels and codes are preserved in observation breakdowns; opaque source vocabulary is not guessed.",PERSONS,population,Indv25_PopulationByPlaceOfStay:rowtotal
CENSUS_INDV25_SAMEPALIKA,Population By Place Of Stay: samePalika (Census 2021),"Source column samePalika from Indv25_PopulationByPlaceOfStay.csv, National Population and Housing Census 2021. Source dimension labels and codes are preserved in observation breakdowns; opaque source vocabulary is not guessed.",PERSONS,population,Indv25_PopulationByPlaceOfStay:samePalika
CENSUS_INDV25_OTHRPALIKA_R,Population By Place Of Stay: othrPalika_R (Census 2021),"Source column othrPalika_R from Indv25_PopulationByPlaceOfStay.csv, National Population and Housing Census 2021. Source dimension labels and codes are preserved in observation breakdowns; opaque source vocabulary is not guessed.",PERSONS,population,Indv25_PopulationByPlaceOfStay:othrPalika_R
CENSUS_INDV25_OTHRPALIKA_U,Population By Place Of Stay: othrPalika_U (Census 2021),"Source column othrPalika_U from Indv25_PopulationByPlaceOfStay.csv, National Population and Housing Census 2021. Source dimension labels and codes are preserved in observation breakdowns; opaque source vocabulary is not guessed.",PERSONS,population,Indv25_PopulationByPlaceOfStay:othrPalika_U
CENSUS_INDV25_OTHRPALIKA_NS,Population By Place Of Stay: othrPalika_NS (Census 2021),"Source column othrPalika_NS from Indv25_PopulationByPlaceOfStay.csv, National Population and Housing Census 2021. Source dimension labels and codes are preserved in observation breakdowns; opaque source vocabulary is not guessed.",PERSONS,population,Indv25_PopulationByPlaceOfStay:othrPalika_NS
CENSUS_INDV25_OTHRDIST_R,Population By Place Of Stay: othrDist_R (Census 2021),"Source column othrDist_R from Indv25_PopulationByPlaceOfStay.csv, National Population and Housing Census 2021. Source dimension labels and codes are preserved in observation breakdowns; opaque source vocabulary is not guessed.",PERSONS,population,Indv25_PopulationByPlaceOfStay:othrDist_R
CENSUS_INDV25_OTHRDIST_U,Population By Place Of Stay: othrDist_U (Census 2021),"Source column othrDist_U from Indv25_PopulationByPlaceOfStay.csv, National Population and Housing Census 2021. Source dimension labels and codes are preserved in observation breakdowns; opaque source vocabulary is not guessed.",PERSONS,population,Indv25_PopulationByPlaceOfStay:othrDist_U
CENSUS_INDV25_OTHRDIST_NS,Population By Place Of Stay: othrDist_NS (Census 2021),"Source column othrDist_NS from Indv25_PopulationByPlaceOfStay.csv, National Population and Housing Census 2021. Source dimension labels and codes are preserved in observation breakdowns; opaque source vocabulary is not guessed.",PERSONS,population,Indv25_PopulationByPlaceOfStay:othrDist_NS
CENSUS_INDV25_FCOUNTRY,Population By Place Of Stay: fCountry (Census 2021),"Source column fCountry from Indv25_PopulationByPlaceOfStay.csv, National Population and Housing Census 2021. Source dimension labels and codes are preserved in observation breakdowns; opaque source vocabulary is not guessed.",PERSONS,population,Indv25_PopulationByPlaceOfStay:fCountry
CENSUS_INDV26_ROWTOTAL,Migrated Population By Eco Belt: rowtotal (Census 2021),"Source column rowtotal from Indv26_MigratedPopulationByEcoBelt.csv, National Population and Housing Census 2021. Source dimension labels and codes are preserved in observation breakdowns; opaque source vocabulary is not guessed.",PERSONS,population,Indv26_MigratedPopulationByEcoBelt:rowtotal
CENSUS_INDV26_MOUNTAIN_R,Migrated Population By Eco Belt: Mountain_R (Census 2021),"Source column Mountain_R from Indv26_MigratedPopulationByEcoBelt.csv, National Population and Housing Census 2021. Source dimension labels and codes are preserved in observation breakdowns; opaque source vocabulary is not guessed.",PERSONS,population,Indv26_MigratedPopulationByEcoBelt:Mountain_R
CENSUS_INDV26_MOUNTAIN_U,Migrated Population By Eco Belt: Mountain_U (Census 2021),"Source column Mountain_U from Indv26_MigratedPopulationByEcoBelt.csv, National Population and Housing Census 2021. Source dimension labels and codes are preserved in observation breakdowns; opaque source vocabulary is not guessed.",PERSONS,population,Indv26_MigratedPopulationByEcoBelt:Mountain_U
CENSUS_INDV26_MOUNTAIN_NS,Migrated Population By Eco Belt: Mountain_NS (Census 2021),"Source column Mountain_NS from Indv26_MigratedPopulationByEcoBelt.csv, National Population and Housing Census 2021. Source dimension labels and codes are preserved in observation breakdowns; opaque source vocabulary is not guessed.",PERSONS,population,Indv26_MigratedPopulationByEcoBelt:Mountain_NS
CENSUS_INDV26_HILL_R,Migrated Population By Eco Belt: Hill_R (Census 2021),"Source column Hill_R from Indv26_MigratedPopulationByEcoBelt.csv, National Population and Housing Census 2021. Source dimension labels and codes are preserved in observation breakdowns; opaque source vocabulary is not guessed.",PERSONS,population,Indv26_MigratedPopulationByEcoBelt:Hill_R
CENSUS_INDV26_HILL_U,Migrated Population By Eco Belt: Hill_U (Census 2021),"Source column Hill_U from Indv26_MigratedPopulationByEcoBelt.csv, National Population and Housing Census 2021. Source dimension labels and codes are preserved in observation breakdowns; opaque source vocabulary is not guessed.",PERSONS,population,Indv26_MigratedPopulationByEcoBelt:Hill_U
CENSUS_INDV26_HILL_NS,Migrated Population By Eco Belt: Hill_NS (Census 2021),"Source column Hill_NS from Indv26_MigratedPopulationByEcoBelt.csv, National Population and Housing Census 2021. Source dimension labels and codes are preserved in observation breakdowns; opaque source vocabulary is not guessed.",PERSONS,population,Indv26_MigratedPopulationByEcoBelt:Hill_NS
CENSUS_INDV26_TARAI_R,Migrated Population By Eco Belt: Tarai_R (Census 2021),"Source column Tarai_R from Indv26_MigratedPopulationByEcoBelt.csv, National Population and Housing Census 2021. Source dimension labels and codes are preserved in observation breakdowns; opaque source vocabulary is not guessed.",PERSONS,population,Indv26_MigratedPopulationByEcoBelt:Tarai_R
CENSUS_INDV26_TARAI_U,Migrated Population By Eco Belt: Tarai_U (Census 2021),"Source column Tarai_U from Indv26_MigratedPopulationByEcoBelt.csv, National Population and Housing Census 2021. Source dimension labels and codes are preserved in observation breakdowns; opaque source vocabulary is not guessed.",PERSONS,population,Indv26_MigratedPopulationByEcoBelt:Tarai_U
CENSUS_INDV26_TARAI_NS,Migrated Population By Eco Belt: Tarai_NS (Census 2021),"Source column Tarai_NS from Indv26_MigratedPopulationByEcoBelt.csv, National Population and Housing Census 2021. Source dimension labels and codes are preserved in observation breakdowns; opaque source vocabulary is not guessed.",PERSONS,population,Indv26_MigratedPopulationByEcoBelt:Tarai_NS
CENSUS_INDV26_NOTSTATED_R,Migrated Population By Eco Belt: NotStated_R (Census 2021),"Source column NotStated_R from Indv26_MigratedPopulationByEcoBelt.csv, National Population and Housing Census 2021. Source dimension labels and codes are preserved in observation breakdowns; opaque source vocabulary is not guessed.",PERSONS,population,Indv26_MigratedPopulationByEcoBelt:NotStated_R
CENSUS_INDV26_NOTSTATED_U,Migrated Population By Eco Belt: NotStated_U (Census 2021),"Source column NotStated_U from Indv26_MigratedPopulationByEcoBelt.csv, National Population and Housing Census 2021. Source dimension labels and codes are preserved in observation breakdowns; opaque source vocabulary is not guessed.",PERSONS,population,Indv26_MigratedPopulationByEcoBelt:NotStated_U
CENSUS_INDV26_NOTSTATED_NS,Migrated Population By Eco Belt: NotStated_NS (Census 2021),"Source column NotStated_NS from Indv26_MigratedPopulationByEcoBelt.csv, National Population and Housing Census 2021. Source dimension labels and codes are preserved in observation breakdowns; opaque source vocabulary is not guessed.",PERSONS,population,Indv26_MigratedPopulationByEcoBelt:NotStated_NS
CENSUS_INDV27_ROWTOTAL,Migrated Population By Prov: rowtotal (Census 2021),"Source column rowtotal from Indv27_MigratedPopulationByProv.csv, National Population and Housing Census 2021. Source dimension labels and codes are preserved in observation breakdowns; opaque source vocabulary is not guessed.",PERSONS,population,Indv27_MigratedPopulationByProv:rowtotal
CENSUS_INDV27_A_PROVINCE1,Migrated Population By Prov: a_Province1 (Census 2021),"Source column a_Province1 from Indv27_MigratedPopulationByProv.csv, National Population and Housing Census 2021. Source dimension labels and codes are preserved in observation breakdowns; opaque source vocabulary is not guessed.",PERSONS,population,Indv27_MigratedPopulationByProv:a_Province1
CENSUS_INDV27_B_MADHESH,Migrated Population By Prov: b_Madhesh (Census 2021),"Source column b_Madhesh from Indv27_MigratedPopulationByProv.csv, National Population and Housing Census 2021. Source dimension labels and codes are preserved in observation breakdowns; opaque source vocabulary is not guessed.",PERSONS,population,Indv27_MigratedPopulationByProv:b_Madhesh
CENSUS_INDV27_C_BAGMATI,Migrated Population By Prov: c_Bagmati (Census 2021),"Source column c_Bagmati from Indv27_MigratedPopulationByProv.csv, National Population and Housing Census 2021. Source dimension labels and codes are preserved in observation breakdowns; opaque source vocabulary is not guessed.",PERSONS,population,Indv27_MigratedPopulationByProv:c_Bagmati
CENSUS_INDV27_D_GANDAKI,Migrated Population By Prov: d_Gandaki (Census 2021),"Source column d_Gandaki from Indv27_MigratedPopulationByProv.csv, National Population and Housing Census 2021. Source dimension labels and codes are preserved in observation breakdowns; opaque source vocabulary is not guessed.",PERSONS,population,Indv27_MigratedPopulationByProv:d_Gandaki
CENSUS_INDV27_E_LUMBINI,Migrated Population By Prov: e_Lumbini (Census 2021),"Source column e_Lumbini from Indv27_MigratedPopulationByProv.csv, National Population and Housing Census 2021. Source dimension labels and codes are preserved in observation breakdowns; opaque source vocabulary is not guessed.",PERSONS,population,Indv27_MigratedPopulationByProv:e_Lumbini
CENSUS_INDV27_F_KARNALI,Migrated Population By Prov: f_Karnali (Census 2021),"Source column f_Karnali from Indv27_MigratedPopulationByProv.csv, National Population and Housing Census 2021. Source dimension labels and codes are preserved in observation breakdowns; opaque source vocabulary is not guessed.",PERSONS,population,Indv27_MigratedPopulationByProv:f_Karnali
CENSUS_INDV27_G_SUDURPASCHIM,Migrated Population By Prov: g_Sudurpaschim (Census 2021),"Source column g_Sudurpaschim from Indv27_MigratedPopulationByProv.csv, National Population and Housing Census 2021. Source dimension labels and codes are preserved in observation breakdowns; opaque source vocabulary is not guessed.",PERSONS,population,Indv27_MigratedPopulationByProv:g_Sudurpaschim
CENSUS_INDV27_H_NOTSTD,Migrated Population By Prov: h_Notstd (Census 2021),"Source column h_Notstd from Indv27_MigratedPopulationByProv.csv, National Population and Housing Census 2021. Source dimension labels and codes are preserved in observation breakdowns; opaque source vocabulary is not guessed.",PERSONS,population,Indv27_MigratedPopulationByProv:h_Notstd
CENSUS_INDV28_ROWTOTAL,Migrated Population By Length Of Stay: rowtotal (Census 2021),"Source column rowtotal from Indv28_MigratedPopulationByLengthOfStay.csv, National Population and Housing Census 2021. Source dimension labels and codes are preserved in observation breakdowns; opaque source vocabulary is not guessed.",PERSONS,population,Indv28_MigratedPopulationByLengthOfStay:rowtotal
CENSUS_INDV28_A_BELOW1,Migrated Population By Length Of Stay: a_Below1 (Census 2021),"Source column a_Below1 from Indv28_MigratedPopulationByLengthOfStay.csv, National Population and Housing Census 2021. Source dimension labels and codes are preserved in observation breakdowns; opaque source vocabulary is not guessed.",PERSONS,population,Indv28_MigratedPopulationByLengthOfStay:a_Below1
CENSUS_INDV28_B_01TO04,Migrated Population By Length Of Stay: b_01to04 (Census 2021),"Source column b_01to04 from Indv28_MigratedPopulationByLengthOfStay.csv, National Population and Housing Census 2021. Source dimension labels and codes are preserved in observation breakdowns; opaque source vocabulary is not guessed.",PERSONS,population,Indv28_MigratedPopulationByLengthOfStay:b_01to04
CENSUS_INDV28_C_05TO09,Migrated Population By Length Of Stay: c_05to09 (Census 2021),"Source column c_05to09 from Indv28_MigratedPopulationByLengthOfStay.csv, National Population and Housing Census 2021. Source dimension labels and codes are preserved in observation breakdowns; opaque source vocabulary is not guessed.",PERSONS,population,Indv28_MigratedPopulationByLengthOfStay:c_05to09
CENSUS_INDV28_D_10TO24,Migrated Population By Length Of Stay: d_10to24 (Census 2021),"Source column d_10to24 from Indv28_MigratedPopulationByLengthOfStay.csv, National Population and Housing Census 2021. Source dimension labels and codes are preserved in observation breakdowns; opaque source vocabulary is not guessed.",PERSONS,population,Indv28_MigratedPopulationByLengthOfStay:d_10to24
CENSUS_INDV28_E_25TO49,Migrated Population By Length Of Stay: e_25to49 (Census 2021),"Source column e_25to49 from Indv28_MigratedPopulationByLengthOfStay.csv, National Population and Housing Census 2021. Source dimension labels and codes are preserved in observation breakdowns; opaque source vocabulary is not guessed.",PERSONS,population,Indv28_MigratedPopulationByLengthOfStay:e_25to49
CENSUS_INDV28_F_50PLUS,Migrated Population By Length Of Stay: f_50plus (Census 2021),"Source column f_50plus from Indv28_MigratedPopulationByLengthOfStay.csv, National Population and Housing Census 2021. Source dimension labels and codes are preserved in observation breakdowns; opaque source vocabulary is not guessed.",PERSONS,population,Indv28_MigratedPopulationByLengthOfStay:f_50plus
CENSUS_INDV28_G_NOTSTD,Migrated Population By Length Of Stay: g_notstd (Census 2021),"Source column g_notstd from Indv28_MigratedPopulationByLengthOfStay.csv, National Population and Housing Census 2021. Source dimension labels and codes are preserved in observation breakdowns; opaque source vocabulary is not guessed.",PERSONS,population,Indv28_MigratedPopulationByLengthOfStay:g_notstd
CENSUS_INDV29_ROWTOTAL,Migrated Population By Reason Of Stay: rowtotal (Census 2021),"Source column rowtotal from Indv29_MigratedPopulationByReasonOfStay.csv, National Population and Housing Census 2021. Source dimension labels and codes are preserved in observation breakdowns; opaque source vocabulary is not guessed.",PERSONS,population,Indv29_MigratedPopulationByReasonOfStay:rowtotal
CENSUS_INDV29_A_WORK,Migrated Population By Reason Of Stay: a_work (Census 2021),"Source column a_work from Indv29_MigratedPopulationByReasonOfStay.csv, National Population and Housing Census 2021. Source dimension labels and codes are preserved in observation breakdowns; opaque source vocabulary is not guessed.",PERSONS,population,Indv29_MigratedPopulationByReasonOfStay:a_work
CENSUS_INDV29_B_TRADE,Migrated Population By Reason Of Stay: b_trade (Census 2021),"Source column b_trade from Indv29_MigratedPopulationByReasonOfStay.csv, National Population and Housing Census 2021. Source dimension labels and codes are preserved in observation breakdowns; opaque source vocabulary is not guessed.",PERSONS,population,Indv29_MigratedPopulationByReasonOfStay:b_trade
CENSUS_INDV29_C_STUDY,Migrated Population By Reason Of Stay: c_study (Census 2021),"Source column c_study from Indv29_MigratedPopulationByReasonOfStay.csv, National Population and Housing Census 2021. Source dimension labels and codes are preserved in observation breakdowns; opaque source vocabulary is not guessed.",PERSONS,population,Indv29_MigratedPopulationByReasonOfStay:c_study
CENSUS_INDV29_D_MARRIAGE,Migrated Population By Reason Of Stay: d_marriage (Census 2021),"Source column d_marriage from Indv29_MigratedPopulationByReasonOfStay.csv, National Population and Housing Census 2021. Source dimension labels and codes are preserved in observation breakdowns; opaque source vocabulary is not guessed.",PERSONS,population,Indv29_MigratedPopulationByReasonOfStay:d_marriage
CENSUS_INDV29_E_DEPENDNT,Migrated Population By Reason Of Stay: e_dependnt (Census 2021),"Source column e_dependnt from Indv29_MigratedPopulationByReasonOfStay.csv, National Population and Housing Census 2021. Source dimension labels and codes are preserved in observation breakdowns; opaque source vocabulary is not guessed.",PERSONS,population,Indv29_MigratedPopulationByReasonOfStay:e_dependnt
CENSUS_INDV29_F_CALAMITY,Migrated Population By Reason Of Stay: f_calamity (Census 2021),"Source column f_calamity from Indv29_MigratedPopulationByReasonOfStay.csv, National Population and Housing Census 2021. Source dimension labels and codes are preserved in observation breakdowns; opaque source vocabulary is not guessed.",PERSONS,population,Indv29_MigratedPopulationByReasonOfStay:f_calamity
CENSUS_INDV29_G_AGRI,Migrated Population By Reason Of Stay: g_agri (Census 2021),"Source column g_agri from Indv29_MigratedPopulationByReasonOfStay.csv, National Population and Housing Census 2021. Source dimension labels and codes are preserved in observation breakdowns; opaque source vocabulary is not guessed.",PERSONS,population,Indv29_MigratedPopulationByReasonOfStay:g_agri
CENSUS_INDV29_H_REGURN,Migrated Population By Reason Of Stay: h_regurn (Census 2021),"Source column h_regurn from Indv29_MigratedPopulationByReasonOfStay.csv, National Population and Housing Census 2021. Source dimension labels and codes are preserved in observation breakdowns; opaque source vocabulary is not guessed.",PERSONS,population,Indv29_MigratedPopulationByReasonOfStay:h_regurn
CENSUS_INDV29_I_OTHERS,Migrated Population By Reason Of Stay: i_others (Census 2021),"Source column i_others from Indv29_MigratedPopulationByReasonOfStay.csv, National Population and Housing Census 2021. Source dimension labels and codes are preserved in observation breakdowns; opaque source vocabulary is not guessed.",PERSONS,population,Indv29_MigratedPopulationByReasonOfStay:i_others
CENSUS_INDV29_J_NOTSTD,Migrated Population By Reason Of Stay: j_notstd (Census 2021),"Source column j_notstd from Indv29_MigratedPopulationByReasonOfStay.csv, National Population and Housing Census 2021. Source dimension labels and codes are preserved in observation breakdowns; opaque source vocabulary is not guessed.",PERSONS,population,Indv29_MigratedPopulationByReasonOfStay:j_notstd
CENSUS_INDV30_ROWTOTAL,Population By Country Of Stay: rowtotal (Census 2021),"Source column rowtotal from Indv30_PopulationByCountryOfStay.csv, National Population and Housing Census 2021. Source dimension labels and codes are preserved in observation breakdowns; opaque source vocabulary is not guessed.",PERSONS,population,Indv30_PopulationByCountryOfStay:rowtotal
CENSUS_INDV30_A_INDIA,Population By Country Of Stay: a_india (Census 2021),"Source column a_india from Indv30_PopulationByCountryOfStay.csv, National Population and Housing Census 2021. Source dimension labels and codes are preserved in observation breakdowns; opaque source vocabulary is not guessed.",PERSONS,population,Indv30_PopulationByCountryOfStay:a_india
CENSUS_INDV30_B_SAARC,Population By Country Of Stay: b_saarc (Census 2021),"Source column b_saarc from Indv30_PopulationByCountryOfStay.csv, National Population and Housing Census 2021. Source dimension labels and codes are preserved in observation breakdowns; opaque source vocabulary is not guessed.",PERSONS,population,Indv30_PopulationByCountryOfStay:b_saarc
CENSUS_INDV30_C_ASEAN,Population By Country Of Stay: c_asean (Census 2021),"Source column c_asean from Indv30_PopulationByCountryOfStay.csv, National Population and Housing Census 2021. Source dimension labels and codes are preserved in observation breakdowns; opaque source vocabulary is not guessed.",PERSONS,population,Indv30_PopulationByCountryOfStay:c_asean
CENSUS_INDV30_D_MIDLEAST,Population By Country Of Stay: d_midleast (Census 2021),"Source column d_midleast from Indv30_PopulationByCountryOfStay.csv, National Population and Housing Census 2021. Source dimension labels and codes are preserved in observation breakdowns; opaque source vocabulary is not guessed.",PERSONS,population,Indv30_PopulationByCountryOfStay:d_midleast
CENSUS_INDV30_E_OTHRASIAN,Population By Country Of Stay: e_othrasian (Census 2021),"Source column e_othrasian from Indv30_PopulationByCountryOfStay.csv, National Population and Housing Census 2021. Source dimension labels and codes are preserved in observation breakdowns; opaque source vocabulary is not guessed.",PERSONS,population,Indv30_PopulationByCountryOfStay:e_othrasian
CENSUS_INDV30_F_EUCNTRY,Population By Country Of Stay: f_eucntry (Census 2021),"Source column f_eucntry from Indv30_PopulationByCountryOfStay.csv, National Population and Housing Census 2021. Source dimension labels and codes are preserved in observation breakdowns; opaque source vocabulary is not guessed.",PERSONS,population,Indv30_PopulationByCountryOfStay:f_eucntry
CENSUS_INDV30_G_OTHREUROPN,Population By Country Of Stay: g_othreuropn (Census 2021),"Source column g_othreuropn from Indv30_PopulationByCountryOfStay.csv, National Population and Housing Census 2021. Source dimension labels and codes are preserved in observation breakdowns; opaque source vocabulary is not guessed.",PERSONS,population,Indv30_PopulationByCountryOfStay:g_othreuropn
CENSUS_INDV30_H_NORTHAMERICN,Population By Country Of Stay: h_northamericn (Census 2021),"Source column h_northamericn from Indv30_PopulationByCountryOfStay.csv, National Population and Housing Census 2021. Source dimension labels and codes are preserved in observation breakdowns; opaque source vocabulary is not guessed.",PERSONS,population,Indv30_PopulationByCountryOfStay:h_northamericn
CENSUS_INDV30_I_SOUTHAMERICN,Population By Country Of Stay: i_southamericn (Census 2021),"Source column i_southamericn from Indv30_PopulationByCountryOfStay.csv, National Population and Housing Census 2021. Source dimension labels and codes are preserved in observation breakdowns; opaque source vocabulary is not guessed.",PERSONS,population,Indv30_PopulationByCountryOfStay:i_southamericn
CENSUS_INDV30_J_AFRICAN,Population By Country Of Stay: j_african (Census 2021),"Source column j_african from Indv30_PopulationByCountryOfStay.csv, National Population and Housing Census 2021. Source dimension labels and codes are preserved in observation breakdowns; opaque source vocabulary is not guessed.",PERSONS,population,Indv30_PopulationByCountryOfStay:j_african
CENSUS_INDV30_K_PACIFIC,Population By Country Of Stay: k_pacific (Census 2021),"Source column k_pacific from Indv30_PopulationByCountryOfStay.csv, National Population and Housing Census 2021. Source dimension labels and codes are preserved in observation breakdowns; opaque source vocabulary is not guessed.",PERSONS,population,Indv30_PopulationByCountryOfStay:k_pacific
CENSUS_INDV30_L_OTHER,Population By Country Of Stay: l_other (Census 2021),"Source column l_other from Indv30_PopulationByCountryOfStay.csv, National Population and Housing Census 2021. Source dimension labels and codes are preserved in observation breakdowns; opaque source vocabulary is not guessed.",PERSONS,population,Indv30_PopulationByCountryOfStay:l_other
CENSUS_INDV30_M_NOTSTD,Population By Country Of Stay: m_notstd (Census 2021),"Source column m_notstd from Indv30_PopulationByCountryOfStay.csv, National Population and Housing Census 2021. Source dimension labels and codes are preserved in observation breakdowns; opaque source vocabulary is not guessed.",PERSONS,population,Indv30_PopulationByCountryOfStay:m_notstd
CENSUS_INDV31_ROWTOTAL,Migrated Population By Length Of Stay: rowtotal (Census 2021),"Source column rowtotal from Indv31_MigratedPopulationByLengthOfStay.csv, National Population and Housing Census 2021. Source dimension labels and codes are preserved in observation breakdowns; opaque source vocabulary is not guessed.",PERSONS,population,Indv31_MigratedPopulationByLengthOfStay:rowtotal
CENSUS_INDV31_A_BELOW1,Migrated Population By Length Of Stay: a_Below1 (Census 2021),"Source column a_Below1 from Indv31_MigratedPopulationByLengthOfStay.csv, National Population and Housing Census 2021. Source dimension labels and codes are preserved in observation breakdowns; opaque source vocabulary is not guessed.",PERSONS,population,Indv31_MigratedPopulationByLengthOfStay:a_Below1
CENSUS_INDV31_B_01TO04,Migrated Population By Length Of Stay: b_01to04 (Census 2021),"Source column b_01to04 from Indv31_MigratedPopulationByLengthOfStay.csv, National Population and Housing Census 2021. Source dimension labels and codes are preserved in observation breakdowns; opaque source vocabulary is not guessed.",PERSONS,population,Indv31_MigratedPopulationByLengthOfStay:b_01to04
CENSUS_INDV31_C_05TO09,Migrated Population By Length Of Stay: c_05to09 (Census 2021),"Source column c_05to09 from Indv31_MigratedPopulationByLengthOfStay.csv, National Population and Housing Census 2021. Source dimension labels and codes are preserved in observation breakdowns; opaque source vocabulary is not guessed.",PERSONS,population,Indv31_MigratedPopulationByLengthOfStay:c_05to09
CENSUS_INDV31_D_10TO24,Migrated Population By Length Of Stay: d_10to24 (Census 2021),"Source column d_10to24 from Indv31_MigratedPopulationByLengthOfStay.csv, National Population and Housing Census 2021. Source dimension labels and codes are preserved in observation breakdowns; opaque source vocabulary is not guessed.",PERSONS,population,Indv31_MigratedPopulationByLengthOfStay:d_10to24
CENSUS_INDV31_E_25TO49,Migrated Population By Length Of Stay: e_25to49 (Census 2021),"Source column e_25to49 from Indv31_MigratedPopulationByLengthOfStay.csv, National Population and Housing Census 2021. Source dimension labels and codes are preserved in observation breakdowns; opaque source vocabulary is not guessed.",PERSONS,population,Indv31_MigratedPopulationByLengthOfStay:e_25to49
CENSUS_INDV31_F_50PLUS,Migrated Population By Length Of Stay: f_50plus (Census 2021),"Source column f_50plus from Indv31_MigratedPopulationByLengthOfStay.csv, National Population and Housing Census 2021. Source dimension labels and codes are preserved in observation breakdowns; opaque source vocabulary is not guessed.",PERSONS,population,Indv31_MigratedPopulationByLengthOfStay:f_50plus
CENSUS_INDV31_G_NOTSTD,Migrated Population By Length Of Stay: g_notstd (Census 2021),"Source column g_notstd from Indv31_MigratedPopulationByLengthOfStay.csv, National Population and Housing Census 2021. Source dimension labels and codes are preserved in observation breakdowns; opaque source vocabulary is not guessed.",PERSONS,population,Indv31_MigratedPopulationByLengthOfStay:g_notstd
CENSUS_INDV32_ROWTOTAL,Migrated Population By Reason Of Stay: rowtotal (Census 2021),"Source column rowtotal from Indv32_MigratedPopulationByReasonOfStay.csv, National Population and Housing Census 2021. Source dimension labels and codes are preserved in observation breakdowns; opaque source vocabulary is not guessed.",PERSONS,population,Indv32_MigratedPopulationByReasonOfStay:rowtotal
CENSUS_INDV32_A_WORK,Migrated Population By Reason Of Stay: a_work (Census 2021),"Source column a_work from Indv32_MigratedPopulationByReasonOfStay.csv, National Population and Housing Census 2021. Source dimension labels and codes are preserved in observation breakdowns; opaque source vocabulary is not guessed.",PERSONS,population,Indv32_MigratedPopulationByReasonOfStay:a_work
CENSUS_INDV32_B_TRADE,Migrated Population By Reason Of Stay: b_trade (Census 2021),"Source column b_trade from Indv32_MigratedPopulationByReasonOfStay.csv, National Population and Housing Census 2021. Source dimension labels and codes are preserved in observation breakdowns; opaque source vocabulary is not guessed.",PERSONS,population,Indv32_MigratedPopulationByReasonOfStay:b_trade
CENSUS_INDV32_C_STUDY,Migrated Population By Reason Of Stay: c_study (Census 2021),"Source column c_study from Indv32_MigratedPopulationByReasonOfStay.csv, National Population and Housing Census 2021. Source dimension labels and codes are preserved in observation breakdowns; opaque source vocabulary is not guessed.",PERSONS,population,Indv32_MigratedPopulationByReasonOfStay:c_study
CENSUS_INDV32_D_MARRIAGE,Migrated Population By Reason Of Stay: d_marriage (Census 2021),"Source column d_marriage from Indv32_MigratedPopulationByReasonOfStay.csv, National Population and Housing Census 2021. Source dimension labels and codes are preserved in observation breakdowns; opaque source vocabulary is not guessed.",PERSONS,population,Indv32_MigratedPopulationByReasonOfStay:d_marriage
CENSUS_INDV32_E_DEPENDNT,Migrated Population By Reason Of Stay: e_dependnt (Census 2021),"Source column e_dependnt from Indv32_MigratedPopulationByReasonOfStay.csv, National Population and Housing Census 2021. Source dimension labels and codes are preserved in observation breakdowns; opaque source vocabulary is not guessed.",PERSONS,population,Indv32_MigratedPopulationByReasonOfStay:e_dependnt
CENSUS_INDV32_F_CALAMITY,Migrated Population By Reason Of Stay: f_calamity (Census 2021),"Source column f_calamity from Indv32_MigratedPopulationByReasonOfStay.csv, National Population and Housing Census 2021. Source dimension labels and codes are preserved in observation breakdowns; opaque source vocabulary is not guessed.",PERSONS,population,Indv32_MigratedPopulationByReasonOfStay:f_calamity
CENSUS_INDV32_G_AGRI,Migrated Population By Reason Of Stay: g_agri (Census 2021),"Source column g_agri from Indv32_MigratedPopulationByReasonOfStay.csv, National Population and Housing Census 2021. Source dimension labels and codes are preserved in observation breakdowns; opaque source vocabulary is not guessed.",PERSONS,population,Indv32_MigratedPopulationByReasonOfStay:g_agri
CENSUS_INDV32_H_REGURN,Migrated Population By Reason Of Stay: h_regurn (Census 2021),"Source column h_regurn from Indv32_MigratedPopulationByReasonOfStay.csv, National Population and Housing Census 2021. Source dimension labels and codes are preserved in observation breakdowns; opaque source vocabulary is not guessed.",PERSONS,population,Indv32_MigratedPopulationByReasonOfStay:h_regurn
CENSUS_INDV32_I_OTHERS,Migrated Population By Reason Of Stay: i_others (Census 2021),"Source column i_others from Indv32_MigratedPopulationByReasonOfStay.csv, National Population and Housing Census 2021. Source dimension labels and codes are preserved in observation breakdowns; opaque source vocabulary is not guessed.",PERSONS,population,Indv32_MigratedPopulationByReasonOfStay:i_others
CENSUS_INDV32_J_NOTSTD,Migrated Population By Reason Of Stay: j_notstd (Census 2021),"Source column j_notstd from Indv32_MigratedPopulationByReasonOfStay.csv, National Population and Housing Census 2021. Source dimension labels and codes are preserved in observation breakdowns; opaque source vocabulary is not guessed.",PERSONS,population,Indv32_MigratedPopulationByReasonOfStay:j_notstd
CENSUS_INDV33_ROWTOTAL,Number Of Children Ever Born: rowtotal (Census 2021),"Source column rowtotal from Indv33_NumberOfChildrenEverBorn.csv, National Population and Housing Census 2021. Source dimension labels and codes are preserved in observation breakdowns; opaque source vocabulary is not guessed.",PERSONS,population,Indv33_NumberOfChildrenEverBorn:rowtotal
CENSUS_INDV33_A_15TO19,Number Of Children Ever Born: a_15to19 (Census 2021),"Source column a_15to19 from Indv33_NumberOfChildrenEverBorn.csv, National Population and Housing Census 2021. Source dimension labels and codes are preserved in observation breakdowns; opaque source vocabulary is not guessed.",PERSONS,population,Indv33_NumberOfChildrenEverBorn:a_15to19
CENSUS_INDV33_B_20TO24,Number Of Children Ever Born: b_20to24 (Census 2021),"Source column b_20to24 from Indv33_NumberOfChildrenEverBorn.csv, National Population and Housing Census 2021. Source dimension labels and codes are preserved in observation breakdowns; opaque source vocabulary is not guessed.",PERSONS,population,Indv33_NumberOfChildrenEverBorn:b_20to24
CENSUS_INDV33_C_25TO29,Number Of Children Ever Born: c_25to29 (Census 2021),"Source column c_25to29 from Indv33_NumberOfChildrenEverBorn.csv, National Population and Housing Census 2021. Source dimension labels and codes are preserved in observation breakdowns; opaque source vocabulary is not guessed.",PERSONS,population,Indv33_NumberOfChildrenEverBorn:c_25to29
CENSUS_INDV33_D_30TO34,Number Of Children Ever Born: d_30to34 (Census 2021),"Source column d_30to34 from Indv33_NumberOfChildrenEverBorn.csv, National Population and Housing Census 2021. Source dimension labels and codes are preserved in observation breakdowns; opaque source vocabulary is not guessed.",PERSONS,population,Indv33_NumberOfChildrenEverBorn:d_30to34
CENSUS_INDV33_E_35TO39,Number Of Children Ever Born: e_35to39 (Census 2021),"Source column e_35to39 from Indv33_NumberOfChildrenEverBorn.csv, National Population and Housing Census 2021. Source dimension labels and codes are preserved in observation breakdowns; opaque source vocabulary is not guessed.",PERSONS,population,Indv33_NumberOfChildrenEverBorn:e_35to39
CENSUS_INDV33_F_40TO44,Number Of Children Ever Born: f_40to44 (Census 2021),"Source column f_40to44 from Indv33_NumberOfChildrenEverBorn.csv, National Population and Housing Census 2021. Source dimension labels and codes are preserved in observation breakdowns; opaque source vocabulary is not guessed.",PERSONS,population,Indv33_NumberOfChildrenEverBorn:f_40to44
CENSUS_INDV33_G_45TO49,Number Of Children Ever Born: g_45to49 (Census 2021),"Source column g_45to49 from Indv33_NumberOfChildrenEverBorn.csv, National Population and Housing Census 2021. Source dimension labels and codes are preserved in observation breakdowns; opaque source vocabulary is not guessed.",PERSONS,population,Indv33_NumberOfChildrenEverBorn:g_45to49
CENSUS_INDV34_ROWTOTAL,Number Of Children Dead: rowtotal (Census 2021),"Source column rowtotal from Indv34_NumberOfChildrenDead.csv, National Population and Housing Census 2021. Source dimension labels and codes are preserved in observation breakdowns; opaque source vocabulary is not guessed.",PERSONS,population,Indv34_NumberOfChildrenDead:rowtotal
CENSUS_INDV34_A_15TO19,Number Of Children Dead: a_15to19 (Census 2021),"Source column a_15to19 from Indv34_NumberOfChildrenDead.csv, National Population and Housing Census 2021. Source dimension labels and codes are preserved in observation breakdowns; opaque source vocabulary is not guessed.",PERSONS,population,Indv34_NumberOfChildrenDead:a_15to19
CENSUS_INDV34_B_20TO24,Number Of Children Dead: b_20to24 (Census 2021),"Source column b_20to24 from Indv34_NumberOfChildrenDead.csv, National Population and Housing Census 2021. Source dimension labels and codes are preserved in observation breakdowns; opaque source vocabulary is not guessed.",PERSONS,population,Indv34_NumberOfChildrenDead:b_20to24
CENSUS_INDV34_C_25TO29,Number Of Children Dead: c_25to29 (Census 2021),"Source column c_25to29 from Indv34_NumberOfChildrenDead.csv, National Population and Housing Census 2021. Source dimension labels and codes are preserved in observation breakdowns; opaque source vocabulary is not guessed.",PERSONS,population,Indv34_NumberOfChildrenDead:c_25to29
CENSUS_INDV34_D_30TO34,Number Of Children Dead: d_30to34 (Census 2021),"Source column d_30to34 from Indv34_NumberOfChildrenDead.csv, National Population and Housing Census 2021. Source dimension labels and codes are preserved in observation breakdowns; opaque source vocabulary is not guessed.",PERSONS,population,Indv34_NumberOfChildrenDead:d_30to34
CENSUS_INDV34_E_35TO39,Number Of Children Dead: e_35to39 (Census 2021),"Source column e_35to39 from Indv34_NumberOfChildrenDead.csv, National Population and Housing Census 2021. Source dimension labels and codes are preserved in observation breakdowns; opaque source vocabulary is not guessed.",PERSONS,population,Indv34_NumberOfChildrenDead:e_35to39
CENSUS_INDV34_F_40TO44,Number Of Children Dead: f_40to44 (Census 2021),"Source column f_40to44 from Indv34_NumberOfChildrenDead.csv, National Population and Housing Census 2021. Source dimension labels and codes are preserved in observation breakdowns; opaque source vocabulary is not guessed.",PERSONS,population,Indv34_NumberOfChildrenDead:f_40to44
CENSUS_INDV34_G_45TO49,Number Of Children Dead: g_45to49 (Census 2021),"Source column g_45to49 from Indv34_NumberOfChildrenDead.csv, National Population and Housing Census 2021. Source dimension labels and codes are preserved in observation breakdowns; opaque source vocabulary is not guessed.",PERSONS,population,Indv34_NumberOfChildrenDead:g_45to49
CENSUS_INDV35_ROWTOTAL,Number Of Children Born: rowtotal (Census 2021),"Source column rowtotal from Indv35_NumberOfChildrenBorn.csv, National Population and Housing Census 2021. Source dimension labels and codes are preserved in observation breakdowns; opaque source vocabulary is not guessed.",PERSONS,population,Indv35_NumberOfChildrenBorn:rowtotal
CENSUS_INDV35_A_15TO19,Number Of Children Born: a_15to19 (Census 2021),"Source column a_15to19 from Indv35_NumberOfChildrenBorn.csv, National Population and Housing Census 2021. Source dimension labels and codes are preserved in observation breakdowns; opaque source vocabulary is not guessed.",PERSONS,population,Indv35_NumberOfChildrenBorn:a_15to19
CENSUS_INDV35_B_20TO24,Number Of Children Born: b_20to24 (Census 2021),"Source column b_20to24 from Indv35_NumberOfChildrenBorn.csv, National Population and Housing Census 2021. Source dimension labels and codes are preserved in observation breakdowns; opaque source vocabulary is not guessed.",PERSONS,population,Indv35_NumberOfChildrenBorn:b_20to24
CENSUS_INDV35_C_25TO29,Number Of Children Born: c_25to29 (Census 2021),"Source column c_25to29 from Indv35_NumberOfChildrenBorn.csv, National Population and Housing Census 2021. Source dimension labels and codes are preserved in observation breakdowns; opaque source vocabulary is not guessed.",PERSONS,population,Indv35_NumberOfChildrenBorn:c_25to29
CENSUS_INDV35_D_30TO34,Number Of Children Born: d_30to34 (Census 2021),"Source column d_30to34 from Indv35_NumberOfChildrenBorn.csv, National Population and Housing Census 2021. Source dimension labels and codes are preserved in observation breakdowns; opaque source vocabulary is not guessed.",PERSONS,population,Indv35_NumberOfChildrenBorn:d_30to34
CENSUS_INDV35_E_35TO39,Number Of Children Born: e_35to39 (Census 2021),"Source column e_35to39 from Indv35_NumberOfChildrenBorn.csv, National Population and Housing Census 2021. Source dimension labels and codes are preserved in observation breakdowns; opaque source vocabulary is not guessed.",PERSONS,population,Indv35_NumberOfChildrenBorn:e_35to39
CENSUS_INDV35_F_40TO44,Number Of Children Born: f_40to44 (Census 2021),"Source column f_40to44 from Indv35_NumberOfChildrenBorn.csv, National Population and Housing Census 2021. Source dimension labels and codes are preserved in observation breakdowns; opaque source vocabulary is not guessed.",PERSONS,population,Indv35_NumberOfChildrenBorn:f_40to44
CENSUS_INDV35_G_45TO49,Number Of Children Born: g_45to49 (Census 2021),"Source column g_45to49 from Indv35_NumberOfChildrenBorn.csv, National Population and Housing Census 2021. Source dimension labels and codes are preserved in observation breakdowns; opaque source vocabulary is not guessed.",PERSONS,population,Indv35_NumberOfChildrenBorn:g_45to49
CENSUS_INDV36_TOTAL_CHLDTYPE_1,Reported Number Of Children: total chldtype=1 (Census 2021),"Source column total from Indv36_ReportedNumberOfChildren.csv, National Population and Housing Census 2021. Source dimension labels and codes are preserved in observation breakdowns; opaque source vocabulary is not guessed.",PERSONS,population,Indv36_ReportedNumberOfChildren:total|chldtype=1
CENSUS_INDV36_TOTAL_CHLDTYPE_2,Reported Number Of Children: total chldtype=2 (Census 2021),"Source column total from Indv36_ReportedNumberOfChildren.csv, National Population and Housing Census 2021. Source dimension labels and codes are preserved in observation breakdowns; opaque source vocabulary is not guessed.",PERSONS,population,Indv36_ReportedNumberOfChildren:total|chldtype=2
CENSUS_INDV36_TOTAL_CHLDTYPE_3,Reported Number Of Children: total chldtype=3 (Census 2021),"Source column total from Indv36_ReportedNumberOfChildren.csv, National Population and Housing Census 2021. Source dimension labels and codes are preserved in observation breakdowns; opaque source vocabulary is not guessed.",PERSONS,population,Indv36_ReportedNumberOfChildren:total|chldtype=3
CENSUS_INDV36_A_15TO19_CHLDTYPE_1,Reported Number Of Children: a_15to19 chldtype=1 (Census 2021),"Source column a_15to19 from Indv36_ReportedNumberOfChildren.csv, National Population and Housing Census 2021. Source dimension labels and codes are preserved in observation breakdowns; opaque source vocabulary is not guessed.",PERSONS,population,Indv36_ReportedNumberOfChildren:a_15to19|chldtype=1
CENSUS_INDV36_A_15TO19_CHLDTYPE_2,Reported Number Of Children: a_15to19 chldtype=2 (Census 2021),"Source column a_15to19 from Indv36_ReportedNumberOfChildren.csv, National Population and Housing Census 2021. Source dimension labels and codes are preserved in observation breakdowns; opaque source vocabulary is not guessed.",PERSONS,population,Indv36_ReportedNumberOfChildren:a_15to19|chldtype=2
CENSUS_INDV36_A_15TO19_CHLDTYPE_3,Reported Number Of Children: a_15to19 chldtype=3 (Census 2021),"Source column a_15to19 from Indv36_ReportedNumberOfChildren.csv, National Population and Housing Census 2021. Source dimension labels and codes are preserved in observation breakdowns; opaque source vocabulary is not guessed.",PERSONS,population,Indv36_ReportedNumberOfChildren:a_15to19|chldtype=3
CENSUS_INDV36_B_20TO24_CHLDTYPE_1,Reported Number Of Children: b_20to24 chldtype=1 (Census 2021),"Source column b_20to24 from Indv36_ReportedNumberOfChildren.csv, National Population and Housing Census 2021. Source dimension labels and codes are preserved in observation breakdowns; opaque source vocabulary is not guessed.",PERSONS,population,Indv36_ReportedNumberOfChildren:b_20to24|chldtype=1
CENSUS_INDV36_B_20TO24_CHLDTYPE_2,Reported Number Of Children: b_20to24 chldtype=2 (Census 2021),"Source column b_20to24 from Indv36_ReportedNumberOfChildren.csv, National Population and Housing Census 2021. Source dimension labels and codes are preserved in observation breakdowns; opaque source vocabulary is not guessed.",PERSONS,population,Indv36_ReportedNumberOfChildren:b_20to24|chldtype=2
CENSUS_INDV36_B_20TO24_CHLDTYPE_3,Reported Number Of Children: b_20to24 chldtype=3 (Census 2021),"Source column b_20to24 from Indv36_ReportedNumberOfChildren.csv, National Population and Housing Census 2021. Source dimension labels and codes are preserved in observation breakdowns; opaque source vocabulary is not guessed.",PERSONS,population,Indv36_ReportedNumberOfChildren:b_20to24|chldtype=3
CENSUS_INDV36_C_25TO29_CHLDTYPE_1,Reported Number Of Children: c_25to29 chldtype=1 (Census 2021),"Source column c_25to29 from Indv36_ReportedNumberOfChildren.csv, National Population and Housing Census 2021. Source dimension labels and codes are preserved in observation breakdowns; opaque source vocabulary is not guessed.",PERSONS,population,Indv36_ReportedNumberOfChildren:c_25to29|chldtype=1
CENSUS_INDV36_C_25TO29_CHLDTYPE_2,Reported Number Of Children: c_25to29 chldtype=2 (Census 2021),"Source column c_25to29 from Indv36_ReportedNumberOfChildren.csv, National Population and Housing Census 2021. Source dimension labels and codes are preserved in observation breakdowns; opaque source vocabulary is not guessed.",PERSONS,population,Indv36_ReportedNumberOfChildren:c_25to29|chldtype=2
CENSUS_INDV36_C_25TO29_CHLDTYPE_3,Reported Number Of Children: c_25to29 chldtype=3 (Census 2021),"Source column c_25to29 from Indv36_ReportedNumberOfChildren.csv, National Population and Housing Census 2021. Source dimension labels and codes are preserved in observation breakdowns; opaque source vocabulary is not guessed.",PERSONS,population,Indv36_ReportedNumberOfChildren:c_25to29|chldtype=3
CENSUS_INDV36_D_30TO34_CHLDTYPE_1,Reported Number Of Children: d_30to34 chldtype=1 (Census 2021),"Source column d_30to34 from Indv36_ReportedNumberOfChildren.csv, National Population and Housing Census 2021. Source dimension labels and codes are preserved in observation breakdowns; opaque source vocabulary is not guessed.",PERSONS,population,Indv36_ReportedNumberOfChildren:d_30to34|chldtype=1
CENSUS_INDV36_D_30TO34_CHLDTYPE_2,Reported Number Of Children: d_30to34 chldtype=2 (Census 2021),"Source column d_30to34 from Indv36_ReportedNumberOfChildren.csv, National Population and Housing Census 2021. Source dimension labels and codes are preserved in observation breakdowns; opaque source vocabulary is not guessed.",PERSONS,population,Indv36_ReportedNumberOfChildren:d_30to34|chldtype=2
CENSUS_INDV36_D_30TO34_CHLDTYPE_3,Reported Number Of Children: d_30to34 chldtype=3 (Census 2021),"Source column d_30to34 from Indv36_ReportedNumberOfChildren.csv, National Population and Housing Census 2021. Source dimension labels and codes are preserved in observation breakdowns; opaque source vocabulary is not guessed.",PERSONS,population,Indv36_ReportedNumberOfChildren:d_30to34|chldtype=3
CENSUS_INDV36_E_35TO39_CHLDTYPE_1,Reported Number Of Children: e_35to39 chldtype=1 (Census 2021),"Source column e_35to39 from Indv36_ReportedNumberOfChildren.csv, National Population and Housing Census 2021. Source dimension labels and codes are preserved in observation breakdowns; opaque source vocabulary is not guessed.",PERSONS,population,Indv36_ReportedNumberOfChildren:e_35to39|chldtype=1
CENSUS_INDV36_E_35TO39_CHLDTYPE_2,Reported Number Of Children: e_35to39 chldtype=2 (Census 2021),"Source column e_35to39 from Indv36_ReportedNumberOfChildren.csv, National Population and Housing Census 2021. Source dimension labels and codes are preserved in observation breakdowns; opaque source vocabulary is not guessed.",PERSONS,population,Indv36_ReportedNumberOfChildren:e_35to39|chldtype=2
CENSUS_INDV36_E_35TO39_CHLDTYPE_3,Reported Number Of Children: e_35to39 chldtype=3 (Census 2021),"Source column e_35to39 from Indv36_ReportedNumberOfChildren.csv, National Population and Housing Census 2021. Source dimension labels and codes are preserved in observation breakdowns; opaque source vocabulary is not guessed.",PERSONS,population,Indv36_ReportedNumberOfChildren:e_35to39|chldtype=3
CENSUS_INDV36_F_40TO44_CHLDTYPE_1,Reported Number Of Children: f_40to44 chldtype=1 (Census 2021),"Source column f_40to44 from Indv36_ReportedNumberOfChildren.csv, National Population and Housing Census 2021. Source dimension labels and codes are preserved in observation breakdowns; opaque source vocabulary is not guessed.",PERSONS,population,Indv36_ReportedNumberOfChildren:f_40to44|chldtype=1
CENSUS_INDV36_F_40TO44_CHLDTYPE_2,Reported Number Of Children: f_40to44 chldtype=2 (Census 2021),"Source column f_40to44 from Indv36_ReportedNumberOfChildren.csv, National Population and Housing Census 2021. Source dimension labels and codes are preserved in observation breakdowns; opaque source vocabulary is not guessed.",PERSONS,population,Indv36_ReportedNumberOfChildren:f_40to44|chldtype=2
CENSUS_INDV36_F_40TO44_CHLDTYPE_3,Reported Number Of Children: f_40to44 chldtype=3 (Census 2021),"Source column f_40to44 from Indv36_ReportedNumberOfChildren.csv, National Population and Housing Census 2021. Source dimension labels and codes are preserved in observation breakdowns; opaque source vocabulary is not guessed.",PERSONS,population,Indv36_ReportedNumberOfChildren:f_40to44|chldtype=3
CENSUS_INDV36_G_45TO49_CHLDTYPE_1,Reported Number Of Children: g_45to49 chldtype=1 (Census 2021),"Source column g_45to49 from Indv36_ReportedNumberOfChildren.csv, National Population and Housing Census 2021. Source dimension labels and codes are preserved in observation breakdowns; opaque source vocabulary is not guessed.",PERSONS,population,Indv36_ReportedNumberOfChildren:g_45to49|chldtype=1
CENSUS_INDV36_G_45TO49_CHLDTYPE_2,Reported Number Of Children: g_45to49 chldtype=2 (Census 2021),"Source column g_45to49 from Indv36_ReportedNumberOfChildren.csv, National Population and Housing Census 2021. Source dimension labels and codes are preserved in observation breakdowns; opaque source vocabulary is not guessed.",PERSONS,population,Indv36_ReportedNumberOfChildren:g_45to49|chldtype=2
CENSUS_INDV36_G_45TO49_CHLDTYPE_3,Reported Number Of Children: g_45to49 chldtype=3 (Census 2021),"Source column g_45to49 from Indv36_ReportedNumberOfChildren.csv, National Population and Housing Census 2021. Source dimension labels and codes are preserved in observation breakdowns; opaque source vocabulary is not guessed.",PERSONS,population,Indv36_ReportedNumberOfChildren:g_45to49|chldtype=3
CENSUS_INDV37_ROWTOTAL,Number Of CEBby Literacy Status: rowtotal (Census 2021),"Source column rowtotal from Indv37_NumberOfCEBbyLiteracyStatus.csv, National Population and Housing Census 2021. Source dimension labels and codes are preserved in observation breakdowns; opaque source vocabulary is not guessed.",PERSONS,education,Indv37_NumberOfCEBbyLiteracyStatus:rowtotal
CENSUS_INDV37_YR15TO19,Number Of CEBby Literacy Status: yr15to19 (Census 2021),"Source column yr15to19 from Indv37_NumberOfCEBbyLiteracyStatus.csv, National Population and Housing Census 2021. Source dimension labels and codes are preserved in observation breakdowns; opaque source vocabulary is not guessed.",PERSONS,education,Indv37_NumberOfCEBbyLiteracyStatus:yr15to19
CENSUS_INDV37_YR20TO24,Number Of CEBby Literacy Status: yr20to24 (Census 2021),"Source column yr20to24 from Indv37_NumberOfCEBbyLiteracyStatus.csv, National Population and Housing Census 2021. Source dimension labels and codes are preserved in observation breakdowns; opaque source vocabulary is not guessed.",PERSONS,education,Indv37_NumberOfCEBbyLiteracyStatus:yr20to24
CENSUS_INDV37_YR25TO29,Number Of CEBby Literacy Status: yr25to29 (Census 2021),"Source column yr25to29 from Indv37_NumberOfCEBbyLiteracyStatus.csv, National Population and Housing Census 2021. Source dimension labels and codes are preserved in observation breakdowns; opaque source vocabulary is not guessed.",PERSONS,education,Indv37_NumberOfCEBbyLiteracyStatus:yr25to29
CENSUS_INDV37_YR30TO34,Number Of CEBby Literacy Status: yr30to34 (Census 2021),"Source column yr30to34 from Indv37_NumberOfCEBbyLiteracyStatus.csv, National Population and Housing Census 2021. Source dimension labels and codes are preserved in observation breakdowns; opaque source vocabulary is not guessed.",PERSONS,education,Indv37_NumberOfCEBbyLiteracyStatus:yr30to34
CENSUS_INDV37_YR35TO39,Number Of CEBby Literacy Status: yr35to39 (Census 2021),"Source column yr35to39 from Indv37_NumberOfCEBbyLiteracyStatus.csv, National Population and Housing Census 2021. Source dimension labels and codes are preserved in observation breakdowns; opaque source vocabulary is not guessed.",PERSONS,education,Indv37_NumberOfCEBbyLiteracyStatus:yr35to39
CENSUS_INDV37_YR40TO44,Number Of CEBby Literacy Status: yr40to44 (Census 2021),"Source column yr40to44 from Indv37_NumberOfCEBbyLiteracyStatus.csv, National Population and Housing Census 2021. Source dimension labels and codes are preserved in observation breakdowns; opaque source vocabulary is not guessed.",PERSONS,education,Indv37_NumberOfCEBbyLiteracyStatus:yr40to44
CENSUS_INDV37_YR45TO49,Number Of CEBby Literacy Status: yr45to49 (Census 2021),"Source column yr45to49 from Indv37_NumberOfCEBbyLiteracyStatus.csv, National Population and Housing Census 2021. Source dimension labels and codes are preserved in observation breakdowns; opaque source vocabulary is not guessed.",PERSONS,education,Indv37_NumberOfCEBbyLiteracyStatus:yr45to49
CENSUS_INDV38_ROWTOTAL,Number Of Children Dead By Literacy Status: rowtotal (Census 2021),"Source column rowtotal from Indv38_NumberOfChildrenDeadByLiteracyStatus.csv, National Population and Housing Census 2021. Source dimension labels and codes are preserved in observation breakdowns; opaque source vocabulary is not guessed.",PERSONS,education,Indv38_NumberOfChildrenDeadByLiteracyStatus:rowtotal
CENSUS_INDV38_YR15TO19,Number Of Children Dead By Literacy Status: yr15to19 (Census 2021),"Source column yr15to19 from Indv38_NumberOfChildrenDeadByLiteracyStatus.csv, National Population and Housing Census 2021. Source dimension labels and codes are preserved in observation breakdowns; opaque source vocabulary is not guessed.",PERSONS,education,Indv38_NumberOfChildrenDeadByLiteracyStatus:yr15to19
CENSUS_INDV38_YR20TO24,Number Of Children Dead By Literacy Status: yr20to24 (Census 2021),"Source column yr20to24 from Indv38_NumberOfChildrenDeadByLiteracyStatus.csv, National Population and Housing Census 2021. Source dimension labels and codes are preserved in observation breakdowns; opaque source vocabulary is not guessed.",PERSONS,education,Indv38_NumberOfChildrenDeadByLiteracyStatus:yr20to24
CENSUS_INDV38_YR25TO29,Number Of Children Dead By Literacy Status: yr25to29 (Census 2021),"Source column yr25to29 from Indv38_NumberOfChildrenDeadByLiteracyStatus.csv, National Population and Housing Census 2021. Source dimension labels and codes are preserved in observation breakdowns; opaque source vocabulary is not guessed.",PERSONS,education,Indv38_NumberOfChildrenDeadByLiteracyStatus:yr25to29
CENSUS_INDV38_YR30TO34,Number Of Children Dead By Literacy Status: yr30to34 (Census 2021),"Source column yr30to34 from Indv38_NumberOfChildrenDeadByLiteracyStatus.csv, National Population and Housing Census 2021. Source dimension labels and codes are preserved in observation breakdowns; opaque source vocabulary is not guessed.",PERSONS,education,Indv38_NumberOfChildrenDeadByLiteracyStatus:yr30to34
CENSUS_INDV38_YR35TO39,Number Of Children Dead By Literacy Status: yr35to39 (Census 2021),"Source column yr35to39 from Indv38_NumberOfChildrenDeadByLiteracyStatus.csv, National Population and Housing Census 2021. Source dimension labels and codes are preserved in observation breakdowns; opaque source vocabulary is not guessed.",PERSONS,education,Indv38_NumberOfChildrenDeadByLiteracyStatus:yr35to39
CENSUS_INDV38_YR40TO44,Number Of Children Dead By Literacy Status: yr40to44 (Census 2021),"Source column yr40to44 from Indv38_NumberOfChildrenDeadByLiteracyStatus.csv, National Population and Housing Census 2021. Source dimension labels and codes are preserved in observation breakdowns; opaque source vocabulary is not guessed.",PERSONS,education,Indv38_NumberOfChildrenDeadByLiteracyStatus:yr40to44
CENSUS_INDV38_YR45TO49,Number Of Children Dead By Literacy Status: yr45to49 (Census 2021),"Source column yr45to49 from Indv38_NumberOfChildrenDeadByLiteracyStatus.csv, National Population and Housing Census 2021. Source dimension labels and codes are preserved in observation breakdowns; opaque source vocabulary is not guessed.",PERSONS,education,Indv38_NumberOfChildrenDeadByLiteracyStatus:yr45to49
CENSUS_INDV39_ROWTOTAL,Number Of Children Born By Literacy Status: rowtotal (Census 2021),"Source column rowtotal from Indv39_NumberOfChildrenBornByLiteracyStatus.csv, National Population and Housing Census 2021. Source dimension labels and codes are preserved in observation breakdowns; opaque source vocabulary is not guessed.",PERSONS,education,Indv39_NumberOfChildrenBornByLiteracyStatus:rowtotal
CENSUS_INDV39_YR15TO19,Number Of Children Born By Literacy Status: yr15to19 (Census 2021),"Source column yr15to19 from Indv39_NumberOfChildrenBornByLiteracyStatus.csv, National Population and Housing Census 2021. Source dimension labels and codes are preserved in observation breakdowns; opaque source vocabulary is not guessed.",PERSONS,education,Indv39_NumberOfChildrenBornByLiteracyStatus:yr15to19
CENSUS_INDV39_YR20TO24,Number Of Children Born By Literacy Status: yr20to24 (Census 2021),"Source column yr20to24 from Indv39_NumberOfChildrenBornByLiteracyStatus.csv, National Population and Housing Census 2021. Source dimension labels and codes are preserved in observation breakdowns; opaque source vocabulary is not guessed.",PERSONS,education,Indv39_NumberOfChildrenBornByLiteracyStatus:yr20to24
CENSUS_INDV39_YR25TO29,Number Of Children Born By Literacy Status: yr25to29 (Census 2021),"Source column yr25to29 from Indv39_NumberOfChildrenBornByLiteracyStatus.csv, National Population and Housing Census 2021. Source dimension labels and codes are preserved in observation breakdowns; opaque source vocabulary is not guessed.",PERSONS,education,Indv39_NumberOfChildrenBornByLiteracyStatus:yr25to29
CENSUS_INDV39_YR30TO34,Number Of Children Born By Literacy Status: yr30to34 (Census 2021),"Source column yr30to34 from Indv39_NumberOfChildrenBornByLiteracyStatus.csv, National Population and Housing Census 2021. Source dimension labels and codes are preserved in observation breakdowns; opaque source vocabulary is not guessed.",PERSONS,education,Indv39_NumberOfChildrenBornByLiteracyStatus:yr30to34
CENSUS_INDV39_YR35TO39,Number Of Children Born By Literacy Status: yr35to39 (Census 2021),"Source column yr35to39 from Indv39_NumberOfChildrenBornByLiteracyStatus.csv, National Population and Housing Census 2021. Source dimension labels and codes are preserved in observation breakdowns; opaque source vocabulary is not guessed.",PERSONS,education,Indv39_NumberOfChildrenBornByLiteracyStatus:yr35to39
CENSUS_INDV39_YR40TO44,Number Of Children Born By Literacy Status: yr40to44 (Census 2021),"Source column yr40to44 from Indv39_NumberOfChildrenBornByLiteracyStatus.csv, National Population and Housing Census 2021. Source dimension labels and codes are preserved in observation breakdowns; opaque source vocabulary is not guessed.",PERSONS,education,Indv39_NumberOfChildrenBornByLiteracyStatus:yr40to44
CENSUS_INDV39_YR45TO49,Number Of Children Born By Literacy Status: yr45to49 (Census 2021),"Source column yr45to49 from Indv39_NumberOfChildrenBornByLiteracyStatus.csv, National Population and Housing Census 2021. Source dimension labels and codes are preserved in observation breakdowns; opaque source vocabulary is not guessed.",PERSONS,education,Indv39_NumberOfChildrenBornByLiteracyStatus:yr45to49
CENSUS_INDV40_ROWTOTAL,Number Of CEBby Occupation: rowtotal (Census 2021),"Source column rowtotal from Indv40_NumberOfCEBbyOccupation.csv, National Population and Housing Census 2021. Source dimension labels and codes are preserved in observation breakdowns; opaque source vocabulary is not guessed.",PERSONS,labor,Indv40_NumberOfCEBbyOccupation:rowtotal
CENSUS_INDV40_YR15TO19,Number Of CEBby Occupation: yr15to19 (Census 2021),"Source column yr15to19 from Indv40_NumberOfCEBbyOccupation.csv, National Population and Housing Census 2021. Source dimension labels and codes are preserved in observation breakdowns; opaque source vocabulary is not guessed.",PERSONS,labor,Indv40_NumberOfCEBbyOccupation:yr15to19
CENSUS_INDV40_YR20TO24,Number Of CEBby Occupation: yr20to24 (Census 2021),"Source column yr20to24 from Indv40_NumberOfCEBbyOccupation.csv, National Population and Housing Census 2021. Source dimension labels and codes are preserved in observation breakdowns; opaque source vocabulary is not guessed.",PERSONS,labor,Indv40_NumberOfCEBbyOccupation:yr20to24
CENSUS_INDV40_YR25TO29,Number Of CEBby Occupation: yr25to29 (Census 2021),"Source column yr25to29 from Indv40_NumberOfCEBbyOccupation.csv, National Population and Housing Census 2021. Source dimension labels and codes are preserved in observation breakdowns; opaque source vocabulary is not guessed.",PERSONS,labor,Indv40_NumberOfCEBbyOccupation:yr25to29
CENSUS_INDV40_YR30TO34,Number Of CEBby Occupation: yr30to34 (Census 2021),"Source column yr30to34 from Indv40_NumberOfCEBbyOccupation.csv, National Population and Housing Census 2021. Source dimension labels and codes are preserved in observation breakdowns; opaque source vocabulary is not guessed.",PERSONS,labor,Indv40_NumberOfCEBbyOccupation:yr30to34
CENSUS_INDV40_YR35TO39,Number Of CEBby Occupation: yr35to39 (Census 2021),"Source column yr35to39 from Indv40_NumberOfCEBbyOccupation.csv, National Population and Housing Census 2021. Source dimension labels and codes are preserved in observation breakdowns; opaque source vocabulary is not guessed.",PERSONS,labor,Indv40_NumberOfCEBbyOccupation:yr35to39
CENSUS_INDV40_YR40TO44,Number Of CEBby Occupation: yr40to44 (Census 2021),"Source column yr40to44 from Indv40_NumberOfCEBbyOccupation.csv, National Population and Housing Census 2021. Source dimension labels and codes are preserved in observation breakdowns; opaque source vocabulary is not guessed.",PERSONS,labor,Indv40_NumberOfCEBbyOccupation:yr40to44
CENSUS_INDV40_YR45TO49,Number Of CEBby Occupation: yr45to49 (Census 2021),"Source column yr45to49 from Indv40_NumberOfCEBbyOccupation.csv, National Population and Housing Census 2021. Source dimension labels and codes are preserved in observation breakdowns; opaque source vocabulary is not guessed.",PERSONS,labor,Indv40_NumberOfCEBbyOccupation:yr45to49
CENSUS_INDV41_ROWTOTAL,Number Of Children Deadby Occupation: rowtotal (Census 2021),"Source column rowtotal from Indv41_NumberOfChildrenDeadbyOccupation.csv, National Population and Housing Census 2021. Source dimension labels and codes are preserved in observation breakdowns; opaque source vocabulary is not guessed.",PERSONS,labor,Indv41_NumberOfChildrenDeadbyOccupation:rowtotal
CENSUS_INDV41_YR15TO19,Number Of Children Deadby Occupation: yr15to19 (Census 2021),"Source column yr15to19 from Indv41_NumberOfChildrenDeadbyOccupation.csv, National Population and Housing Census 2021. Source dimension labels and codes are preserved in observation breakdowns; opaque source vocabulary is not guessed.",PERSONS,labor,Indv41_NumberOfChildrenDeadbyOccupation:yr15to19
CENSUS_INDV41_YR20TO24,Number Of Children Deadby Occupation: yr20to24 (Census 2021),"Source column yr20to24 from Indv41_NumberOfChildrenDeadbyOccupation.csv, National Population and Housing Census 2021. Source dimension labels and codes are preserved in observation breakdowns; opaque source vocabulary is not guessed.",PERSONS,labor,Indv41_NumberOfChildrenDeadbyOccupation:yr20to24
CENSUS_INDV41_YR25TO29,Number Of Children Deadby Occupation: yr25to29 (Census 2021),"Source column yr25to29 from Indv41_NumberOfChildrenDeadbyOccupation.csv, National Population and Housing Census 2021. Source dimension labels and codes are preserved in observation breakdowns; opaque source vocabulary is not guessed.",PERSONS,labor,Indv41_NumberOfChildrenDeadbyOccupation:yr25to29
CENSUS_INDV41_YR30TO34,Number Of Children Deadby Occupation: yr30to34 (Census 2021),"Source column yr30to34 from Indv41_NumberOfChildrenDeadbyOccupation.csv, National Population and Housing Census 2021. Source dimension labels and codes are preserved in observation breakdowns; opaque source vocabulary is not guessed.",PERSONS,labor,Indv41_NumberOfChildrenDeadbyOccupation:yr30to34
CENSUS_INDV41_YR35TO39,Number Of Children Deadby Occupation: yr35to39 (Census 2021),"Source column yr35to39 from Indv41_NumberOfChildrenDeadbyOccupation.csv, National Population and Housing Census 2021. Source dimension labels and codes are preserved in observation breakdowns; opaque source vocabulary is not guessed.",PERSONS,labor,Indv41_NumberOfChildrenDeadbyOccupation:yr35to39
CENSUS_INDV41_YR40TO44,Number Of Children Deadby Occupation: yr40to44 (Census 2021),"Source column yr40to44 from Indv41_NumberOfChildrenDeadbyOccupation.csv, National Population and Housing Census 2021. Source dimension labels and codes are preserved in observation breakdowns; opaque source vocabulary is not guessed.",PERSONS,labor,Indv41_NumberOfChildrenDeadbyOccupation:yr40to44
CENSUS_INDV41_YR45TO49,Number Of Children Deadby Occupation: yr45to49 (Census 2021),"Source column yr45to49 from Indv41_NumberOfChildrenDeadbyOccupation.csv, National Population and Housing Census 2021. Source dimension labels and codes are preserved in observation breakdowns; opaque source vocabulary is not guessed.",PERSONS,labor,Indv41_NumberOfChildrenDeadbyOccupation:yr45to49
CENSUS_INDV42_ROWTOTAL,Number Of Children Born Aliveby Occupation: rowtotal (Census 2021),"Source column rowtotal from Indv42_NumberOfChildrenBornAlivebyOccupation.csv, National Population and Housing Census 2021. Source dimension labels and codes are preserved in observation breakdowns; opaque source vocabulary is not guessed.",PERSONS,labor,Indv42_NumberOfChildrenBornAlivebyOccupation:rowtotal
CENSUS_INDV42_YR15TO19,Number Of Children Born Aliveby Occupation: yr15to19 (Census 2021),"Source column yr15to19 from Indv42_NumberOfChildrenBornAlivebyOccupation.csv, National Population and Housing Census 2021. Source dimension labels and codes are preserved in observation breakdowns; opaque source vocabulary is not guessed.",PERSONS,labor,Indv42_NumberOfChildrenBornAlivebyOccupation:yr15to19
CENSUS_INDV42_YR20TO24,Number Of Children Born Aliveby Occupation: yr20to24 (Census 2021),"Source column yr20to24 from Indv42_NumberOfChildrenBornAlivebyOccupation.csv, National Population and Housing Census 2021. Source dimension labels and codes are preserved in observation breakdowns; opaque source vocabulary is not guessed.",PERSONS,labor,Indv42_NumberOfChildrenBornAlivebyOccupation:yr20to24
CENSUS_INDV42_YR25TO29,Number Of Children Born Aliveby Occupation: yr25to29 (Census 2021),"Source column yr25to29 from Indv42_NumberOfChildrenBornAlivebyOccupation.csv, National Population and Housing Census 2021. Source dimension labels and codes are preserved in observation breakdowns; opaque source vocabulary is not guessed.",PERSONS,labor,Indv42_NumberOfChildrenBornAlivebyOccupation:yr25to29
CENSUS_INDV42_YR30TO34,Number Of Children Born Aliveby Occupation: yr30to34 (Census 2021),"Source column yr30to34 from Indv42_NumberOfChildrenBornAlivebyOccupation.csv, National Population and Housing Census 2021. Source dimension labels and codes are preserved in observation breakdowns; opaque source vocabulary is not guessed.",PERSONS,labor,Indv42_NumberOfChildrenBornAlivebyOccupation:yr30to34
CENSUS_INDV42_YR35TO39,Number Of Children Born Aliveby Occupation: yr35to39 (Census 2021),"Source column yr35to39 from Indv42_NumberOfChildrenBornAlivebyOccupation.csv, National Population and Housing Census 2021. Source dimension labels and codes are preserved in observation breakdowns; opaque source vocabulary is not guessed.",PERSONS,labor,Indv42_NumberOfChildrenBornAlivebyOccupation:yr35to39
CENSUS_INDV42_YR40TO44,Number Of Children Born Aliveby Occupation: yr40to44 (Census 2021),"Source column yr40to44 from Indv42_NumberOfChildrenBornAlivebyOccupation.csv, National Population and Housing Census 2021. Source dimension labels and codes are preserved in observation breakdowns; opaque source vocabulary is not guessed.",PERSONS,labor,Indv42_NumberOfChildrenBornAlivebyOccupation:yr40to44
CENSUS_INDV42_YR45TO49,Number Of Children Born Aliveby Occupation: yr45to49 (Census 2021),"Source column yr45to49 from Indv42_NumberOfChildrenBornAlivebyOccupation.csv, National Population and Housing Census 2021. Source dimension labels and codes are preserved in observation breakdowns; opaque source vocabulary is not guessed.",PERSONS,labor,Indv42_NumberOfChildrenBornAlivebyOccupation:yr45to49
CENSUS_INDV43_ROWTOTAL,Number Of CEBby Industry: rowtotal (Census 2021),"Source column rowtotal from Indv43_NumberOfCEBbyIndustry.csv, National Population and Housing Census 2021. Source dimension labels and codes are preserved in observation breakdowns; opaque source vocabulary is not guessed.",PERSONS,labor,Indv43_NumberOfCEBbyIndustry:rowtotal
CENSUS_INDV43_YR15TO19,Number Of CEBby Industry: yr15to19 (Census 2021),"Source column yr15to19 from Indv43_NumberOfCEBbyIndustry.csv, National Population and Housing Census 2021. Source dimension labels and codes are preserved in observation breakdowns; opaque source vocabulary is not guessed.",PERSONS,labor,Indv43_NumberOfCEBbyIndustry:yr15to19
CENSUS_INDV43_YR20TO24,Number Of CEBby Industry: yr20to24 (Census 2021),"Source column yr20to24 from Indv43_NumberOfCEBbyIndustry.csv, National Population and Housing Census 2021. Source dimension labels and codes are preserved in observation breakdowns; opaque source vocabulary is not guessed.",PERSONS,labor,Indv43_NumberOfCEBbyIndustry:yr20to24
CENSUS_INDV43_YR25TO29,Number Of CEBby Industry: yr25to29 (Census 2021),"Source column yr25to29 from Indv43_NumberOfCEBbyIndustry.csv, National Population and Housing Census 2021. Source dimension labels and codes are preserved in observation breakdowns; opaque source vocabulary is not guessed.",PERSONS,labor,Indv43_NumberOfCEBbyIndustry:yr25to29
CENSUS_INDV43_YR30TO34,Number Of CEBby Industry: yr30to34 (Census 2021),"Source column yr30to34 from Indv43_NumberOfCEBbyIndustry.csv, National Population and Housing Census 2021. Source dimension labels and codes are preserved in observation breakdowns; opaque source vocabulary is not guessed.",PERSONS,labor,Indv43_NumberOfCEBbyIndustry:yr30to34
CENSUS_INDV43_YR35TO39,Number Of CEBby Industry: yr35to39 (Census 2021),"Source column yr35to39 from Indv43_NumberOfCEBbyIndustry.csv, National Population and Housing Census 2021. Source dimension labels and codes are preserved in observation breakdowns; opaque source vocabulary is not guessed.",PERSONS,labor,Indv43_NumberOfCEBbyIndustry:yr35to39
CENSUS_INDV43_YR40TO44,Number Of CEBby Industry: yr40to44 (Census 2021),"Source column yr40to44 from Indv43_NumberOfCEBbyIndustry.csv, National Population and Housing Census 2021. Source dimension labels and codes are preserved in observation breakdowns; opaque source vocabulary is not guessed.",PERSONS,labor,Indv43_NumberOfCEBbyIndustry:yr40to44
CENSUS_INDV43_YR45TO49,Number Of CEBby Industry: yr45to49 (Census 2021),"Source column yr45to49 from Indv43_NumberOfCEBbyIndustry.csv, National Population and Housing Census 2021. Source dimension labels and codes are preserved in observation breakdowns; opaque source vocabulary is not guessed.",PERSONS,labor,Indv43_NumberOfCEBbyIndustry:yr45to49
CENSUS_INDV44_ROWTOTAL,Number Of Children Deadby Industry: rowtotal (Census 2021),"Source column rowtotal from Indv44_NumberOfChildrenDeadbyIndustry.csv, National Population and Housing Census 2021. Source dimension labels and codes are preserved in observation breakdowns; opaque source vocabulary is not guessed.",PERSONS,labor,Indv44_NumberOfChildrenDeadbyIndustry:rowtotal
CENSUS_INDV44_YR15TO19,Number Of Children Deadby Industry: yr15to19 (Census 2021),"Source column yr15to19 from Indv44_NumberOfChildrenDeadbyIndustry.csv, National Population and Housing Census 2021. Source dimension labels and codes are preserved in observation breakdowns; opaque source vocabulary is not guessed.",PERSONS,labor,Indv44_NumberOfChildrenDeadbyIndustry:yr15to19
CENSUS_INDV44_YR20TO24,Number Of Children Deadby Industry: yr20to24 (Census 2021),"Source column yr20to24 from Indv44_NumberOfChildrenDeadbyIndustry.csv, National Population and Housing Census 2021. Source dimension labels and codes are preserved in observation breakdowns; opaque source vocabulary is not guessed.",PERSONS,labor,Indv44_NumberOfChildrenDeadbyIndustry:yr20to24
CENSUS_INDV44_YR25TO29,Number Of Children Deadby Industry: yr25to29 (Census 2021),"Source column yr25to29 from Indv44_NumberOfChildrenDeadbyIndustry.csv, National Population and Housing Census 2021. Source dimension labels and codes are preserved in observation breakdowns; opaque source vocabulary is not guessed.",PERSONS,labor,Indv44_NumberOfChildrenDeadbyIndustry:yr25to29
CENSUS_INDV44_YR30TO34,Number Of Children Deadby Industry: yr30to34 (Census 2021),"Source column yr30to34 from Indv44_NumberOfChildrenDeadbyIndustry.csv, National Population and Housing Census 2021. Source dimension labels and codes are preserved in observation breakdowns; opaque source vocabulary is not guessed.",PERSONS,labor,Indv44_NumberOfChildrenDeadbyIndustry:yr30to34
CENSUS_INDV44_YR35TO39,Number Of Children Deadby Industry: yr35to39 (Census 2021),"Source column yr35to39 from Indv44_NumberOfChildrenDeadbyIndustry.csv, National Population and Housing Census 2021. Source dimension labels and codes are preserved in observation breakdowns; opaque source vocabulary is not guessed.",PERSONS,labor,Indv44_NumberOfChildrenDeadbyIndustry:yr35to39
CENSUS_INDV44_YR40TO44,Number Of Children Deadby Industry: yr40to44 (Census 2021),"Source column yr40to44 from Indv44_NumberOfChildrenDeadbyIndustry.csv, National Population and Housing Census 2021. Source dimension labels and codes are preserved in observation breakdowns; opaque source vocabulary is not guessed.",PERSONS,labor,Indv44_NumberOfChildrenDeadbyIndustry:yr40to44
CENSUS_INDV44_YR45TO49,Number Of Children Deadby Industry: yr45to49 (Census 2021),"Source column yr45to49 from Indv44_NumberOfChildrenDeadbyIndustry.csv, National Population and Housing Census 2021. Source dimension labels and codes are preserved in observation breakdowns; opaque source vocabulary is not guessed.",PERSONS,labor,Indv44_NumberOfChildrenDeadbyIndustry:yr45to49
CENSUS_INDV45_ROWTOTAL,Number Of Children Born Aliveby Industry: rowtotal (Census 2021),"Source column rowtotal from Indv45_NumberOfChildrenBornAlivebyIndustry.csv, National Population and Housing Census 2021. Source dimension labels and codes are preserved in observation breakdowns; opaque source vocabulary is not guessed.",PERSONS,labor,Indv45_NumberOfChildrenBornAlivebyIndustry:rowtotal
CENSUS_INDV45_YR15TO19,Number Of Children Born Aliveby Industry: yr15to19 (Census 2021),"Source column yr15to19 from Indv45_NumberOfChildrenBornAlivebyIndustry.csv, National Population and Housing Census 2021. Source dimension labels and codes are preserved in observation breakdowns; opaque source vocabulary is not guessed.",PERSONS,labor,Indv45_NumberOfChildrenBornAlivebyIndustry:yr15to19
CENSUS_INDV45_YR20TO24,Number Of Children Born Aliveby Industry: yr20to24 (Census 2021),"Source column yr20to24 from Indv45_NumberOfChildrenBornAlivebyIndustry.csv, National Population and Housing Census 2021. Source dimension labels and codes are preserved in observation breakdowns; opaque source vocabulary is not guessed.",PERSONS,labor,Indv45_NumberOfChildrenBornAlivebyIndustry:yr20to24
CENSUS_INDV45_YR25TO29,Number Of Children Born Aliveby Industry: yr25to29 (Census 2021),"Source column yr25to29 from Indv45_NumberOfChildrenBornAlivebyIndustry.csv, National Population and Housing Census 2021. Source dimension labels and codes are preserved in observation breakdowns; opaque source vocabulary is not guessed.",PERSONS,labor,Indv45_NumberOfChildrenBornAlivebyIndustry:yr25to29
CENSUS_INDV45_YR30TO34,Number Of Children Born Aliveby Industry: yr30to34 (Census 2021),"Source column yr30to34 from Indv45_NumberOfChildrenBornAlivebyIndustry.csv, National Population and Housing Census 2021. Source dimension labels and codes are preserved in observation breakdowns; opaque source vocabulary is not guessed.",PERSONS,labor,Indv45_NumberOfChildrenBornAlivebyIndustry:yr30to34
CENSUS_INDV45_YR35TO39,Number Of Children Born Aliveby Industry: yr35to39 (Census 2021),"Source column yr35to39 from Indv45_NumberOfChildrenBornAlivebyIndustry.csv, National Population and Housing Census 2021. Source dimension labels and codes are preserved in observation breakdowns; opaque source vocabulary is not guessed.",PERSONS,labor,Indv45_NumberOfChildrenBornAlivebyIndustry:yr35to39
CENSUS_INDV45_YR40TO44,Number Of Children Born Aliveby Industry: yr40to44 (Census 2021),"Source column yr40to44 from Indv45_NumberOfChildrenBornAlivebyIndustry.csv, National Population and Housing Census 2021. Source dimension labels and codes are preserved in observation breakdowns; opaque source vocabulary is not guessed.",PERSONS,labor,Indv45_NumberOfChildrenBornAlivebyIndustry:yr40to44
CENSUS_INDV45_YR45TO49,Number Of Children Born Aliveby Industry: yr45to49 (Census 2021),"Source column yr45to49 from Indv45_NumberOfChildrenBornAlivebyIndustry.csv, National Population and Housing Census 2021. Source dimension labels and codes are preserved in observation breakdowns; opaque source vocabulary is not guessed.",PERSONS,labor,Indv45_NumberOfChildrenBornAlivebyIndustry:yr45to49
CENSUS_INDV46_ROWTOTAL,Number Of CEBby Reason Not Active: rowtotal (Census 2021),"Source column rowtotal from Indv46_NumberOfCEBbyReasonNotActive.csv, National Population and Housing Census 2021. Source dimension labels and codes are preserved in observation breakdowns; opaque source vocabulary is not guessed.",PERSONS,labor,Indv46_NumberOfCEBbyReasonNotActive:rowtotal
CENSUS_INDV46_YR15TO19,Number Of CEBby Reason Not Active: yr15to19 (Census 2021),"Source column yr15to19 from Indv46_NumberOfCEBbyReasonNotActive.csv, National Population and Housing Census 2021. Source dimension labels and codes are preserved in observation breakdowns; opaque source vocabulary is not guessed.",PERSONS,labor,Indv46_NumberOfCEBbyReasonNotActive:yr15to19
CENSUS_INDV46_YR20TO24,Number Of CEBby Reason Not Active: yr20to24 (Census 2021),"Source column yr20to24 from Indv46_NumberOfCEBbyReasonNotActive.csv, National Population and Housing Census 2021. Source dimension labels and codes are preserved in observation breakdowns; opaque source vocabulary is not guessed.",PERSONS,labor,Indv46_NumberOfCEBbyReasonNotActive:yr20to24
CENSUS_INDV46_YR25TO29,Number Of CEBby Reason Not Active: yr25to29 (Census 2021),"Source column yr25to29 from Indv46_NumberOfCEBbyReasonNotActive.csv, National Population and Housing Census 2021. Source dimension labels and codes are preserved in observation breakdowns; opaque source vocabulary is not guessed.",PERSONS,labor,Indv46_NumberOfCEBbyReasonNotActive:yr25to29
CENSUS_INDV46_YR30TO34,Number Of CEBby Reason Not Active: yr30to34 (Census 2021),"Source column yr30to34 from Indv46_NumberOfCEBbyReasonNotActive.csv, National Population and Housing Census 2021. Source dimension labels and codes are preserved in observation breakdowns; opaque source vocabulary is not guessed.",PERSONS,labor,Indv46_NumberOfCEBbyReasonNotActive:yr30to34
CENSUS_INDV46_YR35TO39,Number Of CEBby Reason Not Active: yr35to39 (Census 2021),"Source column yr35to39 from Indv46_NumberOfCEBbyReasonNotActive.csv, National Population and Housing Census 2021. Source dimension labels and codes are preserved in observation breakdowns; opaque source vocabulary is not guessed.",PERSONS,labor,Indv46_NumberOfCEBbyReasonNotActive:yr35to39
CENSUS_INDV46_YR40TO44,Number Of CEBby Reason Not Active: yr40to44 (Census 2021),"Source column yr40to44 from Indv46_NumberOfCEBbyReasonNotActive.csv, National Population and Housing Census 2021. Source dimension labels and codes are preserved in observation breakdowns; opaque source vocabulary is not guessed.",PERSONS,labor,Indv46_NumberOfCEBbyReasonNotActive:yr40to44
CENSUS_INDV46_YR45TO49,Number Of CEBby Reason Not Active: yr45to49 (Census 2021),"Source column yr45to49 from Indv46_NumberOfCEBbyReasonNotActive.csv, National Population and Housing Census 2021. Source dimension labels and codes are preserved in observation breakdowns; opaque source vocabulary is not guessed.",PERSONS,labor,Indv46_NumberOfCEBbyReasonNotActive:yr45to49
CENSUS_INDV47_ROWTOTAL,Number Of Children Deadby Reason Not Active: rowtotal (Census 2021),"Source column rowtotal from Indv47_NumberOfChildrenDeadbyReasonNotActive.csv, National Population and Housing Census 2021. Source dimension labels and codes are preserved in observation breakdowns; opaque source vocabulary is not guessed.",PERSONS,labor,Indv47_NumberOfChildrenDeadbyReasonNotActive:rowtotal
CENSUS_INDV47_YR15TO19,Number Of Children Deadby Reason Not Active: yr15to19 (Census 2021),"Source column yr15to19 from Indv47_NumberOfChildrenDeadbyReasonNotActive.csv, National Population and Housing Census 2021. Source dimension labels and codes are preserved in observation breakdowns; opaque source vocabulary is not guessed.",PERSONS,labor,Indv47_NumberOfChildrenDeadbyReasonNotActive:yr15to19
CENSUS_INDV47_YR20TO24,Number Of Children Deadby Reason Not Active: yr20to24 (Census 2021),"Source column yr20to24 from Indv47_NumberOfChildrenDeadbyReasonNotActive.csv, National Population and Housing Census 2021. Source dimension labels and codes are preserved in observation breakdowns; opaque source vocabulary is not guessed.",PERSONS,labor,Indv47_NumberOfChildrenDeadbyReasonNotActive:yr20to24
CENSUS_INDV47_YR25TO29,Number Of Children Deadby Reason Not Active: yr25to29 (Census 2021),"Source column yr25to29 from Indv47_NumberOfChildrenDeadbyReasonNotActive.csv, National Population and Housing Census 2021. Source dimension labels and codes are preserved in observation breakdowns; opaque source vocabulary is not guessed.",PERSONS,labor,Indv47_NumberOfChildrenDeadbyReasonNotActive:yr25to29
CENSUS_INDV47_YR30TO34,Number Of Children Deadby Reason Not Active: yr30to34 (Census 2021),"Source column yr30to34 from Indv47_NumberOfChildrenDeadbyReasonNotActive.csv, National Population and Housing Census 2021. Source dimension labels and codes are preserved in observation breakdowns; opaque source vocabulary is not guessed.",PERSONS,labor,Indv47_NumberOfChildrenDeadbyReasonNotActive:yr30to34
CENSUS_INDV47_YR35TO39,Number Of Children Deadby Reason Not Active: yr35to39 (Census 2021),"Source column yr35to39 from Indv47_NumberOfChildrenDeadbyReasonNotActive.csv, National Population and Housing Census 2021. Source dimension labels and codes are preserved in observation breakdowns; opaque source vocabulary is not guessed.",PERSONS,labor,Indv47_NumberOfChildrenDeadbyReasonNotActive:yr35to39
CENSUS_INDV47_YR40TO44,Number Of Children Deadby Reason Not Active: yr40to44 (Census 2021),"Source column yr40to44 from Indv47_NumberOfChildrenDeadbyReasonNotActive.csv, National Population and Housing Census 2021. Source dimension labels and codes are preserved in observation breakdowns; opaque source vocabulary is not guessed.",PERSONS,labor,Indv47_NumberOfChildrenDeadbyReasonNotActive:yr40to44
CENSUS_INDV47_YR45TO49,Number Of Children Deadby Reason Not Active: yr45to49 (Census 2021),"Source column yr45to49 from Indv47_NumberOfChildrenDeadbyReasonNotActive.csv, National Population and Housing Census 2021. Source dimension labels and codes are preserved in observation breakdowns; opaque source vocabulary is not guessed.",PERSONS,labor,Indv47_NumberOfChildrenDeadbyReasonNotActive:yr45to49
CENSUS_INDV48_ROWTOTAL,Number Of Children Born Aliveby Reason Not Active: rowtotal (Census 2021),"Source column rowtotal from Indv48_NumberOfChildrenBornAlivebyReasonNotActive.csv, National Population and Housing Census 2021. Source dimension labels and codes are preserved in observation breakdowns; opaque source vocabulary is not guessed.",PERSONS,labor,Indv48_NumberOfChildrenBornAlivebyReasonNotActive:rowtotal
CENSUS_INDV48_YR15TO19,Number Of Children Born Aliveby Reason Not Active: yr15to19 (Census 2021),"Source column yr15to19 from Indv48_NumberOfChildrenBornAlivebyReasonNotActive.csv, National Population and Housing Census 2021. Source dimension labels and codes are preserved in observation breakdowns; opaque source vocabulary is not guessed.",PERSONS,labor,Indv48_NumberOfChildrenBornAlivebyReasonNotActive:yr15to19
CENSUS_INDV48_YR20TO24,Number Of Children Born Aliveby Reason Not Active: yr20to24 (Census 2021),"Source column yr20to24 from Indv48_NumberOfChildrenBornAlivebyReasonNotActive.csv, National Population and Housing Census 2021. Source dimension labels and codes are preserved in observation breakdowns; opaque source vocabulary is not guessed.",PERSONS,labor,Indv48_NumberOfChildrenBornAlivebyReasonNotActive:yr20to24
CENSUS_INDV48_YR25TO29,Number Of Children Born Aliveby Reason Not Active: yr25to29 (Census 2021),"Source column yr25to29 from Indv48_NumberOfChildrenBornAlivebyReasonNotActive.csv, National Population and Housing Census 2021. Source dimension labels and codes are preserved in observation breakdowns; opaque source vocabulary is not guessed.",PERSONS,labor,Indv48_NumberOfChildrenBornAlivebyReasonNotActive:yr25to29
CENSUS_INDV48_YR30TO34,Number Of Children Born Aliveby Reason Not Active: yr30to34 (Census 2021),"Source column yr30to34 from Indv48_NumberOfChildrenBornAlivebyReasonNotActive.csv, National Population and Housing Census 2021. Source dimension labels and codes are preserved in observation breakdowns; opaque source vocabulary is not guessed.",PERSONS,labor,Indv48_NumberOfChildrenBornAlivebyReasonNotActive:yr30to34
CENSUS_INDV48_YR35TO39,Number Of Children Born Aliveby Reason Not Active: yr35to39 (Census 2021),"Source column yr35to39 from Indv48_NumberOfChildrenBornAlivebyReasonNotActive.csv, National Population and Housing Census 2021. Source dimension labels and codes are preserved in observation breakdowns; opaque source vocabulary is not guessed.",PERSONS,labor,Indv48_NumberOfChildrenBornAlivebyReasonNotActive:yr35to39
CENSUS_INDV48_YR40TO44,Number Of Children Born Aliveby Reason Not Active: yr40to44 (Census 2021),"Source column yr40to44 from Indv48_NumberOfChildrenBornAlivebyReasonNotActive.csv, National Population and Housing Census 2021. Source dimension labels and codes are preserved in observation breakdowns; opaque source vocabulary is not guessed.",PERSONS,labor,Indv48_NumberOfChildrenBornAlivebyReasonNotActive:yr40to44
CENSUS_INDV48_YR45TO49,Number Of Children Born Aliveby Reason Not Active: yr45to49 (Census 2021),"Source column yr45to49 from Indv48_NumberOfChildrenBornAlivebyReasonNotActive.csv, National Population and Housing Census 2021. Source dimension labels and codes are preserved in observation breakdowns; opaque source vocabulary is not guessed.",PERSONS,labor,Indv48_NumberOfChildrenBornAlivebyReasonNotActive:yr45to49
CENSUS_INDV49_ROWTOTAL,Population Byworkmonth: rowtotal (Census 2021),"Source column rowtotal from Indv49_PopulationByworkmonth.csv, National Population and Housing Census 2021. Source dimension labels and codes are preserved in observation breakdowns; opaque source vocabulary is not guessed.",PERSONS,labor,Indv49_PopulationByworkmonth:rowtotal
CENSUS_INDV49_A_10TO14,Population Byworkmonth: a_10to14 (Census 2021),"Source column a_10to14 from Indv49_PopulationByworkmonth.csv, National Population and Housing Census 2021. Source dimension labels and codes are preserved in observation breakdowns; opaque source vocabulary is not guessed.",PERSONS,labor,Indv49_PopulationByworkmonth:a_10to14
CENSUS_INDV49_B_15TO19,Population Byworkmonth: b_15to19 (Census 2021),"Source column b_15to19 from Indv49_PopulationByworkmonth.csv, National Population and Housing Census 2021. Source dimension labels and codes are preserved in observation breakdowns; opaque source vocabulary is not guessed.",PERSONS,labor,Indv49_PopulationByworkmonth:b_15to19
CENSUS_INDV49_C_20TO24,Population Byworkmonth: c_20to24 (Census 2021),"Source column c_20to24 from Indv49_PopulationByworkmonth.csv, National Population and Housing Census 2021. Source dimension labels and codes are preserved in observation breakdowns; opaque source vocabulary is not guessed.",PERSONS,labor,Indv49_PopulationByworkmonth:c_20to24
CENSUS_INDV49_D_25TO29,Population Byworkmonth: d_25to29 (Census 2021),"Source column d_25to29 from Indv49_PopulationByworkmonth.csv, National Population and Housing Census 2021. Source dimension labels and codes are preserved in observation breakdowns; opaque source vocabulary is not guessed.",PERSONS,labor,Indv49_PopulationByworkmonth:d_25to29
CENSUS_INDV49_E_30TO34,Population Byworkmonth: e_30to34 (Census 2021),"Source column e_30to34 from Indv49_PopulationByworkmonth.csv, National Population and Housing Census 2021. Source dimension labels and codes are preserved in observation breakdowns; opaque source vocabulary is not guessed.",PERSONS,labor,Indv49_PopulationByworkmonth:e_30to34
CENSUS_INDV49_F_35TO39,Population Byworkmonth: f_35to39 (Census 2021),"Source column f_35to39 from Indv49_PopulationByworkmonth.csv, National Population and Housing Census 2021. Source dimension labels and codes are preserved in observation breakdowns; opaque source vocabulary is not guessed.",PERSONS,labor,Indv49_PopulationByworkmonth:f_35to39
CENSUS_INDV49_G_40TO44,Population Byworkmonth: g_40to44 (Census 2021),"Source column g_40to44 from Indv49_PopulationByworkmonth.csv, National Population and Housing Census 2021. Source dimension labels and codes are preserved in observation breakdowns; opaque source vocabulary is not guessed.",PERSONS,labor,Indv49_PopulationByworkmonth:g_40to44
CENSUS_INDV49_H_45TO49,Population Byworkmonth: h_45to49 (Census 2021),"Source column h_45to49 from Indv49_PopulationByworkmonth.csv, National Population and Housing Census 2021. Source dimension labels and codes are preserved in observation breakdowns; opaque source vocabulary is not guessed.",PERSONS,labor,Indv49_PopulationByworkmonth:h_45to49
CENSUS_INDV49_I_50TO54,Population Byworkmonth: i_50to54 (Census 2021),"Source column i_50to54 from Indv49_PopulationByworkmonth.csv, National Population and Housing Census 2021. Source dimension labels and codes are preserved in observation breakdowns; opaque source vocabulary is not guessed.",PERSONS,labor,Indv49_PopulationByworkmonth:i_50to54
CENSUS_INDV49_J_55TO59,Population Byworkmonth: j_55to59 (Census 2021),"Source column j_55to59 from Indv49_PopulationByworkmonth.csv, National Population and Housing Census 2021. Source dimension labels and codes are preserved in observation breakdowns; opaque source vocabulary is not guessed.",PERSONS,labor,Indv49_PopulationByworkmonth:j_55to59
CENSUS_INDV49_K_60TO64,Population Byworkmonth: k_60to64 (Census 2021),"Source column k_60to64 from Indv49_PopulationByworkmonth.csv, National Population and Housing Census 2021. Source dimension labels and codes are preserved in observation breakdowns; opaque source vocabulary is not guessed.",PERSONS,labor,Indv49_PopulationByworkmonth:k_60to64
CENSUS_INDV49_L_65PLS,Population Byworkmonth: l_65pls (Census 2021),"Source column l_65pls from Indv49_PopulationByworkmonth.csv, National Population and Housing Census 2021. Source dimension labels and codes are preserved in observation breakdowns; opaque source vocabulary is not guessed.",PERSONS,labor,Indv49_PopulationByworkmonth:l_65pls
CENSUS_INDV50_ROWTOTAL,Population Byworkmonth And Occ: rowtotal (Census 2021),"Source column rowtotal from Indv50_PopulationByworkmonthAndOcc.csv, National Population and Housing Census 2021. Source dimension labels and codes are preserved in observation breakdowns; opaque source vocabulary is not guessed.",PERSONS,labor,Indv50_PopulationByworkmonthAndOcc:rowtotal
CENSUS_INDV50_A_ARMED,Population Byworkmonth And Occ: a_armed (Census 2021),"Source column a_armed from Indv50_PopulationByworkmonthAndOcc.csv, National Population and Housing Census 2021. Source dimension labels and codes are preserved in observation breakdowns; opaque source vocabulary is not guessed.",PERSONS,labor,Indv50_PopulationByworkmonthAndOcc:a_armed
CENSUS_INDV50_B_MANAGR,Population Byworkmonth And Occ: b_managr (Census 2021),"Source column b_managr from Indv50_PopulationByworkmonthAndOcc.csv, National Population and Housing Census 2021. Source dimension labels and codes are preserved in observation breakdowns; opaque source vocabulary is not guessed.",PERSONS,labor,Indv50_PopulationByworkmonthAndOcc:b_managr
CENSUS_INDV50_C_PROFESNL,Population Byworkmonth And Occ: c_profesnl (Census 2021),"Source column c_profesnl from Indv50_PopulationByworkmonthAndOcc.csv, National Population and Housing Census 2021. Source dimension labels and codes are preserved in observation breakdowns; opaque source vocabulary is not guessed.",PERSONS,labor,Indv50_PopulationByworkmonthAndOcc:c_profesnl
CENSUS_INDV50_D_TECHNICIAN,Population Byworkmonth And Occ: d_technician (Census 2021),"Source column d_technician from Indv50_PopulationByworkmonthAndOcc.csv, National Population and Housing Census 2021. Source dimension labels and codes are preserved in observation breakdowns; opaque source vocabulary is not guessed.",PERSONS,labor,Indv50_PopulationByworkmonthAndOcc:d_technician
CENSUS_INDV50_E_CLERICAL,Population Byworkmonth And Occ: e_clerical (Census 2021),"Source column e_clerical from Indv50_PopulationByworkmonthAndOcc.csv, National Population and Housing Census 2021. Source dimension labels and codes are preserved in observation breakdowns; opaque source vocabulary is not guessed.",PERSONS,labor,Indv50_PopulationByworkmonthAndOcc:e_clerical
CENSUS_INDV50_F_SERVICE,Population Byworkmonth And Occ: f_service (Census 2021),"Source column f_service from Indv50_PopulationByworkmonthAndOcc.csv, National Population and Housing Census 2021. Source dimension labels and codes are preserved in observation breakdowns; opaque source vocabulary is not guessed.",PERSONS,labor,Indv50_PopulationByworkmonthAndOcc:f_service
CENSUS_INDV50_G_SKILLAGRI,Population Byworkmonth And Occ: g_skillagri (Census 2021),"Source column g_skillagri from Indv50_PopulationByworkmonthAndOcc.csv, National Population and Housing Census 2021. Source dimension labels and codes are preserved in observation breakdowns; opaque source vocabulary is not guessed.",PERSONS,labor,Indv50_PopulationByworkmonthAndOcc:g_skillagri
CENSUS_INDV50_H_CRAFT,Population Byworkmonth And Occ: h_craft (Census 2021),"Source column h_craft from Indv50_PopulationByworkmonthAndOcc.csv, National Population and Housing Census 2021. Source dimension labels and codes are preserved in observation breakdowns; opaque source vocabulary is not guessed.",PERSONS,labor,Indv50_PopulationByworkmonthAndOcc:h_craft
CENSUS_INDV50_I_PLANT,Population Byworkmonth And Occ: i_plant (Census 2021),"Source column i_plant from Indv50_PopulationByworkmonthAndOcc.csv, National Population and Housing Census 2021. Source dimension labels and codes are preserved in observation breakdowns; opaque source vocabulary is not guessed.",PERSONS,labor,Indv50_PopulationByworkmonthAndOcc:i_plant
CENSUS_INDV50_J_ELEMENTARY,Population Byworkmonth And Occ: j_elementary (Census 2021),"Source column j_elementary from Indv50_PopulationByworkmonthAndOcc.csv, National Population and Housing Census 2021. Source dimension labels and codes are preserved in observation breakdowns; opaque source vocabulary is not guessed.",PERSONS,labor,Indv50_PopulationByworkmonthAndOcc:j_elementary
CENSUS_INDV50_K_NOTSTD,Population Byworkmonth And Occ: k_notstd (Census 2021),"Source column k_notstd from Indv50_PopulationByworkmonthAndOcc.csv, National Population and Housing Census 2021. Source dimension labels and codes are preserved in observation breakdowns; opaque source vocabulary is not guessed.",PERSONS,labor,Indv50_PopulationByworkmonthAndOcc:k_notstd
CENSUS_INDV51_ROWTOTAL,Population Byworkmonth And Ind: rowtotal (Census 2021),"Source column rowtotal from Indv51_PopulationByworkmonthAndInd.csv, National Population and Housing Census 2021. Source dimension labels and codes are preserved in observation breakdowns; opaque source vocabulary is not guessed.",PERSONS,labor,Indv51_PopulationByworkmonthAndInd:rowtotal
CENSUS_INDV51_A_AGRI,Population Byworkmonth And Ind: a_agri (Census 2021),"Source column a_agri from Indv51_PopulationByworkmonthAndInd.csv, National Population and Housing Census 2021. Source dimension labels and codes are preserved in observation breakdowns; opaque source vocabulary is not guessed.",PERSONS,labor,Indv51_PopulationByworkmonthAndInd:a_agri
CENSUS_INDV51_B_MINING,Population Byworkmonth And Ind: b_mining (Census 2021),"Source column b_mining from Indv51_PopulationByworkmonthAndInd.csv, National Population and Housing Census 2021. Source dimension labels and codes are preserved in observation breakdowns; opaque source vocabulary is not guessed.",PERSONS,labor,Indv51_PopulationByworkmonthAndInd:b_mining
CENSUS_INDV51_C_MANUF,Population Byworkmonth And Ind: c_manuf (Census 2021),"Source column c_manuf from Indv51_PopulationByworkmonthAndInd.csv, National Population and Housing Census 2021. Source dimension labels and codes are preserved in observation breakdowns; opaque source vocabulary is not guessed.",PERSONS,labor,Indv51_PopulationByworkmonthAndInd:c_manuf
CENSUS_INDV51_D_ELECTRI,Population Byworkmonth And Ind: d_electri (Census 2021),"Source column d_electri from Indv51_PopulationByworkmonthAndInd.csv, National Population and Housing Census 2021. Source dimension labels and codes are preserved in observation breakdowns; opaque source vocabulary is not guessed.",PERSONS,labor,Indv51_PopulationByworkmonthAndInd:d_electri
CENSUS_INDV51_E_WATER,Population Byworkmonth And Ind: e_water (Census 2021),"Source column e_water from Indv51_PopulationByworkmonthAndInd.csv, National Population and Housing Census 2021. Source dimension labels and codes are preserved in observation breakdowns; opaque source vocabulary is not guessed.",PERSONS,labor,Indv51_PopulationByworkmonthAndInd:e_water
CENSUS_INDV51_F_CONST,Population Byworkmonth And Ind: f_const (Census 2021),"Source column f_const from Indv51_PopulationByworkmonthAndInd.csv, National Population and Housing Census 2021. Source dimension labels and codes are preserved in observation breakdowns; opaque source vocabulary is not guessed.",PERSONS,labor,Indv51_PopulationByworkmonthAndInd:f_const
CENSUS_INDV51_G_WHOLESALE,Population Byworkmonth And Ind: g_wholesale (Census 2021),"Source column g_wholesale from Indv51_PopulationByworkmonthAndInd.csv, National Population and Housing Census 2021. Source dimension labels and codes are preserved in observation breakdowns; opaque source vocabulary is not guessed.",PERSONS,labor,Indv51_PopulationByworkmonthAndInd:g_wholesale
CENSUS_INDV51_H_TRANSP,Population Byworkmonth And Ind: h_transp (Census 2021),"Source column h_transp from Indv51_PopulationByworkmonthAndInd.csv, National Population and Housing Census 2021. Source dimension labels and codes are preserved in observation breakdowns; opaque source vocabulary is not guessed.",PERSONS,labor,Indv51_PopulationByworkmonthAndInd:h_transp
CENSUS_INDV51_I_ACCOMMOD,Population Byworkmonth And Ind: i_accommod (Census 2021),"Source column i_accommod from Indv51_PopulationByworkmonthAndInd.csv, National Population and Housing Census 2021. Source dimension labels and codes are preserved in observation breakdowns; opaque source vocabulary is not guessed.",PERSONS,labor,Indv51_PopulationByworkmonthAndInd:i_accommod
CENSUS_INDV51_J_INFORMAT,Population Byworkmonth And Ind: j_informat (Census 2021),"Source column j_informat from Indv51_PopulationByworkmonthAndInd.csv, National Population and Housing Census 2021. Source dimension labels and codes are preserved in observation breakdowns; opaque source vocabulary is not guessed.",PERSONS,labor,Indv51_PopulationByworkmonthAndInd:j_informat
CENSUS_INDV51_K_FINANCE,Population Byworkmonth And Ind: k_finance (Census 2021),"Source column k_finance from Indv51_PopulationByworkmonthAndInd.csv, National Population and Housing Census 2021. Source dimension labels and codes are preserved in observation breakdowns; opaque source vocabulary is not guessed.",PERSONS,labor,Indv51_PopulationByworkmonthAndInd:k_finance
CENSUS_INDV51_L_REALESTAT,Population Byworkmonth And Ind: l_realestat (Census 2021),"Source column l_realestat from Indv51_PopulationByworkmonthAndInd.csv, National Population and Housing Census 2021. Source dimension labels and codes are preserved in observation breakdowns; opaque source vocabulary is not guessed.",PERSONS,labor,Indv51_PopulationByworkmonthAndInd:l_realestat
CENSUS_INDV51_M_PROFESNL,Population Byworkmonth And Ind: m_profesnl (Census 2021),"Source column m_profesnl from Indv51_PopulationByworkmonthAndInd.csv, National Population and Housing Census 2021. Source dimension labels and codes are preserved in observation breakdowns; opaque source vocabulary is not guessed.",PERSONS,labor,Indv51_PopulationByworkmonthAndInd:m_profesnl
CENSUS_INDV51_N_ADMIN,Population Byworkmonth And Ind: n_admin (Census 2021),"Source column n_admin from Indv51_PopulationByworkmonthAndInd.csv, National Population and Housing Census 2021. Source dimension labels and codes are preserved in observation breakdowns; opaque source vocabulary is not guessed.",PERSONS,labor,Indv51_PopulationByworkmonthAndInd:n_admin
CENSUS_INDV51_O_PUB_ADMIN,Population Byworkmonth And Ind: o_pub_admin (Census 2021),"Source column o_pub_admin from Indv51_PopulationByworkmonthAndInd.csv, National Population and Housing Census 2021. Source dimension labels and codes are preserved in observation breakdowns; opaque source vocabulary is not guessed.",PERSONS,labor,Indv51_PopulationByworkmonthAndInd:o_pub_admin
CENSUS_INDV51_P_EDUCATN,Population Byworkmonth And Ind: p_educatn (Census 2021),"Source column p_educatn from Indv51_PopulationByworkmonthAndInd.csv, National Population and Housing Census 2021. Source dimension labels and codes are preserved in observation breakdowns; opaque source vocabulary is not guessed.",PERSONS,labor,Indv51_PopulationByworkmonthAndInd:p_educatn
CENSUS_INDV51_Q_HUMNHEALTH,Population Byworkmonth And Ind: q_humnhealth (Census 2021),"Source column q_humnhealth from Indv51_PopulationByworkmonthAndInd.csv, National Population and Housing Census 2021. Source dimension labels and codes are preserved in observation breakdowns; opaque source vocabulary is not guessed.",PERSONS,labor,Indv51_PopulationByworkmonthAndInd:q_humnhealth
CENSUS_INDV51_R_ARTS,Population Byworkmonth And Ind: r_arts (Census 2021),"Source column r_arts from Indv51_PopulationByworkmonthAndInd.csv, National Population and Housing Census 2021. Source dimension labels and codes are preserved in observation breakdowns; opaque source vocabulary is not guessed.",PERSONS,labor,Indv51_PopulationByworkmonthAndInd:r_arts
CENSUS_INDV51_S_OTHERSERVIC,Population Byworkmonth And Ind: s_otherservic (Census 2021),"Source column s_otherservic from Indv51_PopulationByworkmonthAndInd.csv, National Population and Housing Census 2021. Source dimension labels and codes are preserved in observation breakdowns; opaque source vocabulary is not guessed.",PERSONS,labor,Indv51_PopulationByworkmonthAndInd:s_otherservic
CENSUS_INDV51_T_HHLD_ACTIV,Population Byworkmonth And Ind: t_hhld_activ (Census 2021),"Source column t_hhld_activ from Indv51_PopulationByworkmonthAndInd.csv, National Population and Housing Census 2021. Source dimension labels and codes are preserved in observation breakdowns; opaque source vocabulary is not guessed.",PERSONS,labor,Indv51_PopulationByworkmonthAndInd:t_hhld_activ
CENSUS_INDV51_U_EXTRA_TERI,Population Byworkmonth And Ind: u_extra_teri (Census 2021),"Source column u_extra_teri from Indv51_PopulationByworkmonthAndInd.csv, National Population and Housing Census 2021. Source dimension labels and codes are preserved in observation breakdowns; opaque source vocabulary is not guessed.",PERSONS,labor,Indv51_PopulationByworkmonthAndInd:u_extra_teri
CENSUS_INDV51_V_NOTSTD,Population Byworkmonth And Ind: v_notstd (Census 2021),"Source column v_notstd from Indv51_PopulationByworkmonthAndInd.csv, National Population and Housing Census 2021. Source dimension labels and codes are preserved in observation breakdowns; opaque source vocabulary is not guessed.",PERSONS,labor,Indv51_PopulationByworkmonthAndInd:v_notstd
CENSUS_INDV52_ROWTOTAL,Population By Month Work And Job Search: rowtotal (Census 2021),"Source column rowtotal from Indv52_PopulationByMonthWorkAndJobSearch.csv, National Population and Housing Census 2021. Source dimension labels and codes are preserved in observation breakdowns; opaque source vocabulary is not guessed.",PERSONS,labor,Indv52_PopulationByMonthWorkAndJobSearch:rowtotal
CENSUS_INDV52_MON6PLS,Population By Month Work And Job Search: mon6pls (Census 2021),"Source column mon6pls from Indv52_PopulationByMonthWorkAndJobSearch.csv, National Population and Housing Census 2021. Source dimension labels and codes are preserved in observation breakdowns; opaque source vocabulary is not guessed.",PERSONS,labor,Indv52_PopulationByMonthWorkAndJobSearch:mon6pls
CENSUS_INDV52_MON3TO5FT,Population By Month Work And Job Search: mon3to5ft (Census 2021),"Source column mon3to5ft from Indv52_PopulationByMonthWorkAndJobSearch.csv, National Population and Housing Census 2021. Source dimension labels and codes are preserved in observation breakdowns; opaque source vocabulary is not guessed.",PERSONS,labor,Indv52_PopulationByMonthWorkAndJobSearch:mon3to5ft
CENSUS_INDV52_MON3TO5PT,Population By Month Work And Job Search: mon3to5pt (Census 2021),"Source column mon3to5pt from Indv52_PopulationByMonthWorkAndJobSearch.csv, National Population and Housing Census 2021. Source dimension labels and codes are preserved in observation breakdowns; opaque source vocabulary is not guessed.",PERSONS,labor,Indv52_PopulationByMonthWorkAndJobSearch:mon3to5pt
CENSUS_INDV52_MON3TO5NO,Population By Month Work And Job Search: mon3to5no (Census 2021),"Source column mon3to5no from Indv52_PopulationByMonthWorkAndJobSearch.csv, National Population and Housing Census 2021. Source dimension labels and codes are preserved in observation breakdowns; opaque source vocabulary is not guessed.",PERSONS,labor,Indv52_PopulationByMonthWorkAndJobSearch:mon3to5no
CENSUS_INDV52_MON3TO5NS,Population By Month Work And Job Search: mon3to5ns (Census 2021),"Source column mon3to5ns from Indv52_PopulationByMonthWorkAndJobSearch.csv, National Population and Housing Census 2021. Source dimension labels and codes are preserved in observation breakdowns; opaque source vocabulary is not guessed.",PERSONS,labor,Indv52_PopulationByMonthWorkAndJobSearch:mon3to5ns
CENSUS_INDV52_MON1TO2FT,Population By Month Work And Job Search: mon1to2ft (Census 2021),"Source column mon1to2ft from Indv52_PopulationByMonthWorkAndJobSearch.csv, National Population and Housing Census 2021. Source dimension labels and codes are preserved in observation breakdowns; opaque source vocabulary is not guessed.",PERSONS,labor,Indv52_PopulationByMonthWorkAndJobSearch:mon1to2ft
CENSUS_INDV52_MON1TO2PT,Population By Month Work And Job Search: mon1to2pt (Census 2021),"Source column mon1to2pt from Indv52_PopulationByMonthWorkAndJobSearch.csv, National Population and Housing Census 2021. Source dimension labels and codes are preserved in observation breakdowns; opaque source vocabulary is not guessed.",PERSONS,labor,Indv52_PopulationByMonthWorkAndJobSearch:mon1to2pt
CENSUS_INDV52_MON1TO2NO,Population By Month Work And Job Search: mon1to2no (Census 2021),"Source column mon1to2no from Indv52_PopulationByMonthWorkAndJobSearch.csv, National Population and Housing Census 2021. Source dimension labels and codes are preserved in observation breakdowns; opaque source vocabulary is not guessed.",PERSONS,labor,Indv52_PopulationByMonthWorkAndJobSearch:mon1to2no
CENSUS_INDV52_MON1TO2NS,Population By Month Work And Job Search: mon1to2ns (Census 2021),"Source column mon1to2ns from Indv52_PopulationByMonthWorkAndJobSearch.csv, National Population and Housing Census 2021. Source dimension labels and codes are preserved in observation breakdowns; opaque source vocabulary is not guessed.",PERSONS,labor,Indv52_PopulationByMonthWorkAndJobSearch:mon1to2ns
CENSUS_INDV52_NOWORKFT,Population By Month Work And Job Search: NoWorkft (Census 2021),"Source column NoWorkft from Indv52_PopulationByMonthWorkAndJobSearch.csv, National Population and Housing Census 2021. Source dimension labels and codes are preserved in observation breakdowns; opaque source vocabulary is not guessed.",PERSONS,labor,Indv52_PopulationByMonthWorkAndJobSearch:NoWorkft
CENSUS_INDV52_NOWORKPT,Population By Month Work And Job Search: NoWorkpt (Census 2021),"Source column NoWorkpt from Indv52_PopulationByMonthWorkAndJobSearch.csv, National Population and Housing Census 2021. Source dimension labels and codes are preserved in observation breakdowns; opaque source vocabulary is not guessed.",PERSONS,labor,Indv52_PopulationByMonthWorkAndJobSearch:NoWorkpt
CENSUS_INDV52_NOWORKNO,Population By Month Work And Job Search: NoWorkno (Census 2021),"Source column NoWorkno from Indv52_PopulationByMonthWorkAndJobSearch.csv, National Population and Housing Census 2021. Source dimension labels and codes are preserved in observation breakdowns; opaque source vocabulary is not guessed.",PERSONS,labor,Indv52_PopulationByMonthWorkAndJobSearch:NoWorkno
CENSUS_INDV52_NOWORKNS,Population By Month Work And Job Search: NoWorkns (Census 2021),"Source column NoWorkns from Indv52_PopulationByMonthWorkAndJobSearch.csv, National Population and Housing Census 2021. Source dimension labels and codes are preserved in observation breakdowns; opaque source vocabulary is not guessed.",PERSONS,labor,Indv52_PopulationByMonthWorkAndJobSearch:NoWorkns
CENSUS_INDV53_TOT_MALE,Population By Eco Activity: tot_male (Census 2021),"Source column tot_male from Indv53_PopulationByEcoActivity.csv, National Population and Housing Census 2021. Source dimension labels and codes are preserved in observation breakdowns; opaque source vocabulary is not guessed.",PERSONS,labor,Indv53_PopulationByEcoActivity:tot_male
CENSUS_INDV53_TOT_FEML,Population By Eco Activity: tot_feml (Census 2021),"Source column tot_feml from Indv53_PopulationByEcoActivity.csv, National Population and Housing Census 2021. Source dimension labels and codes are preserved in observation breakdowns; opaque source vocabulary is not guessed.",PERSONS,labor,Indv53_PopulationByEcoActivity:tot_feml
CENSUS_INDV53_EMP_MALE,Population By Eco Activity: emp_male (Census 2021),"Source column emp_male from Indv53_PopulationByEcoActivity.csv, National Population and Housing Census 2021. Source dimension labels and codes are preserved in observation breakdowns; opaque source vocabulary is not guessed.",PERSONS,labor,Indv53_PopulationByEcoActivity:emp_male
CENSUS_INDV53_EMP_FEML,Population By Eco Activity: emp_feml (Census 2021),"Source column emp_feml from Indv53_PopulationByEcoActivity.csv, National Population and Housing Census 2021. Source dimension labels and codes are preserved in observation breakdowns; opaque source vocabulary is not guessed.",PERSONS,labor,Indv53_PopulationByEcoActivity:emp_feml
CENSUS_INDV53_UNEMP_MALE,Population By Eco Activity: unemp_male (Census 2021),"Source column unemp_male from Indv53_PopulationByEcoActivity.csv, National Population and Housing Census 2021. Source dimension labels and codes are preserved in observation breakdowns; opaque source vocabulary is not guessed.",PERSONS,labor,Indv53_PopulationByEcoActivity:unemp_male
CENSUS_INDV53_UNEMP_FEML,Population By Eco Activity: unemp_feml (Census 2021),"Source column unemp_feml from Indv53_PopulationByEcoActivity.csv, National Population and Housing Census 2021. Source dimension labels and codes are preserved in observation breakdowns; opaque source vocabulary is not guessed.",PERSONS,labor,Indv53_PopulationByEcoActivity:unemp_feml
CENSUS_INDV53_NUA_MALE,Population By Eco Activity: nua_male (Census 2021),"Source column nua_male from Indv53_PopulationByEcoActivity.csv, National Population and Housing Census 2021. Source dimension labels and codes are preserved in observation breakdowns; opaque source vocabulary is not guessed.",PERSONS,labor,Indv53_PopulationByEcoActivity:nua_male
CENSUS_INDV53_NUA_FEML,Population By Eco Activity: nua_feml (Census 2021),"Source column nua_feml from Indv53_PopulationByEcoActivity.csv, National Population and Housing Census 2021. Source dimension labels and codes are preserved in observation breakdowns; opaque source vocabulary is not guessed.",PERSONS,labor,Indv53_PopulationByEcoActivity:nua_feml
CENSUS_INDV53_NEA_MALE,Population By Eco Activity: nea_male (Census 2021),"Source column nea_male from Indv53_PopulationByEcoActivity.csv, National Population and Housing Census 2021. Source dimension labels and codes are preserved in observation breakdowns; opaque source vocabulary is not guessed.",PERSONS,labor,Indv53_PopulationByEcoActivity:nea_male
CENSUS_INDV53_NEA_FEML,Population By Eco Activity: nea_feml (Census 2021),"Source column nea_feml from Indv53_PopulationByEcoActivity.csv, National Population and Housing Census 2021. Source dimension labels and codes are preserved in observation breakdowns; opaque source vocabulary is not guessed.",PERSONS,labor,Indv53_PopulationByEcoActivity:nea_feml
CENSUS_INDV53_NOTSTD_MALE,Population By Eco Activity: notstd_male (Census 2021),"Source column notstd_male from Indv53_PopulationByEcoActivity.csv, National Population and Housing Census 2021. Source dimension labels and codes are preserved in observation breakdowns; opaque source vocabulary is not guessed.",PERSONS,labor,Indv53_PopulationByEcoActivity:notstd_male
CENSUS_INDV53_NOTSTD_FEML,Population By Eco Activity: notstd_feml (Census 2021),"Source column notstd_feml from Indv53_PopulationByEcoActivity.csv, National Population and Housing Census 2021. Source dimension labels and codes are preserved in observation breakdowns; opaque source vocabulary is not guessed.",PERSONS,labor,Indv53_PopulationByEcoActivity:notstd_feml
CENSUS_INDV54_TOT_MALE,Population By Eco Activity: tot_male (Census 2021),"Source column tot_male from Indv54_PopulationByEcoActivity.csv, National Population and Housing Census 2021. Source dimension labels and codes are preserved in observation breakdowns; opaque source vocabulary is not guessed.",PERSONS,labor,Indv54_PopulationByEcoActivity:tot_male
CENSUS_INDV54_TOT_FEML,Population By Eco Activity: tot_feml (Census 2021),"Source column tot_feml from Indv54_PopulationByEcoActivity.csv, National Population and Housing Census 2021. Source dimension labels and codes are preserved in observation breakdowns; opaque source vocabulary is not guessed.",PERSONS,labor,Indv54_PopulationByEcoActivity:tot_feml
CENSUS_INDV54_UA_MALE,Population By Eco Activity: ua_male (Census 2021),"Source column ua_male from Indv54_PopulationByEcoActivity.csv, National Population and Housing Census 2021. Source dimension labels and codes are preserved in observation breakdowns; opaque source vocabulary is not guessed.",PERSONS,labor,Indv54_PopulationByEcoActivity:ua_male
CENSUS_INDV54_UA_FEML,Population By Eco Activity: ua_feml (Census 2021),"Source column ua_feml from Indv54_PopulationByEcoActivity.csv, National Population and Housing Census 2021. Source dimension labels and codes are preserved in observation breakdowns; opaque source vocabulary is not guessed.",PERSONS,labor,Indv54_PopulationByEcoActivity:ua_feml
CENSUS_INDV54_NUA_MALE,Population By Eco Activity: nua_male (Census 2021),"Source column nua_male from Indv54_PopulationByEcoActivity.csv, National Population and Housing Census 2021. Source dimension labels and codes are preserved in observation breakdowns; opaque source vocabulary is not guessed.",PERSONS,labor,Indv54_PopulationByEcoActivity:nua_male
CENSUS_INDV54_NUA_FEML,Population By Eco Activity: nua_feml (Census 2021),"Source column nua_feml from Indv54_PopulationByEcoActivity.csv, National Population and Housing Census 2021. Source dimension labels and codes are preserved in observation breakdowns; opaque source vocabulary is not guessed.",PERSONS,labor,Indv54_PopulationByEcoActivity:nua_feml
CENSUS_INDV54_NEA_MALE,Population By Eco Activity: nea_male (Census 2021),"Source column nea_male from Indv54_PopulationByEcoActivity.csv, National Population and Housing Census 2021. Source dimension labels and codes are preserved in observation breakdowns; opaque source vocabulary is not guessed.",PERSONS,labor,Indv54_PopulationByEcoActivity:nea_male
CENSUS_INDV54_NEA_FEML,Population By Eco Activity: nea_feml (Census 2021),"Source column nea_feml from Indv54_PopulationByEcoActivity.csv, National Population and Housing Census 2021. Source dimension labels and codes are preserved in observation breakdowns; opaque source vocabulary is not guessed.",PERSONS,labor,Indv54_PopulationByEcoActivity:nea_feml
CENSUS_INDV54_NOTSTD_MALE,Population By Eco Activity: notstd_male (Census 2021),"Source column notstd_male from Indv54_PopulationByEcoActivity.csv, National Population and Housing Census 2021. Source dimension labels and codes are preserved in observation breakdowns; opaque source vocabulary is not guessed.",PERSONS,labor,Indv54_PopulationByEcoActivity:notstd_male
CENSUS_INDV54_NOTSTD_FEML,Population By Eco Activity: notstd_feml (Census 2021),"Source column notstd_feml from Indv54_PopulationByEcoActivity.csv, National Population and Housing Census 2021. Source dimension labels and codes are preserved in observation breakdowns; opaque source vocabulary is not guessed.",PERSONS,labor,Indv54_PopulationByEcoActivity:notstd_feml
CENSUS_INDV55_ROWTOTAL,Population By Occupation: rowtotal (Census 2021),"Source column rowtotal from Indv55_PopulationByOccupation.csv, National Population and Housing Census 2021. Source dimension labels and codes are preserved in observation breakdowns; opaque source vocabulary is not guessed.",PERSONS,labor,Indv55_PopulationByOccupation:rowtotal
CENSUS_INDV55_A_10TO14,Population By Occupation: a_10to14 (Census 2021),"Source column a_10to14 from Indv55_PopulationByOccupation.csv, National Population and Housing Census 2021. Source dimension labels and codes are preserved in observation breakdowns; opaque source vocabulary is not guessed.",PERSONS,labor,Indv55_PopulationByOccupation:a_10to14
CENSUS_INDV55_B_15TO19,Population By Occupation: b_15to19 (Census 2021),"Source column b_15to19 from Indv55_PopulationByOccupation.csv, National Population and Housing Census 2021. Source dimension labels and codes are preserved in observation breakdowns; opaque source vocabulary is not guessed.",PERSONS,labor,Indv55_PopulationByOccupation:b_15to19
CENSUS_INDV55_C_20TO24,Population By Occupation: c_20to24 (Census 2021),"Source column c_20to24 from Indv55_PopulationByOccupation.csv, National Population and Housing Census 2021. Source dimension labels and codes are preserved in observation breakdowns; opaque source vocabulary is not guessed.",PERSONS,labor,Indv55_PopulationByOccupation:c_20to24
CENSUS_INDV55_D_25TO29,Population By Occupation: d_25to29 (Census 2021),"Source column d_25to29 from Indv55_PopulationByOccupation.csv, National Population and Housing Census 2021. Source dimension labels and codes are preserved in observation breakdowns; opaque source vocabulary is not guessed.",PERSONS,labor,Indv55_PopulationByOccupation:d_25to29
CENSUS_INDV55_E_30TO34,Population By Occupation: e_30to34 (Census 2021),"Source column e_30to34 from Indv55_PopulationByOccupation.csv, National Population and Housing Census 2021. Source dimension labels and codes are preserved in observation breakdowns; opaque source vocabulary is not guessed.",PERSONS,labor,Indv55_PopulationByOccupation:e_30to34
CENSUS_INDV55_F_35TO39,Population By Occupation: f_35to39 (Census 2021),"Source column f_35to39 from Indv55_PopulationByOccupation.csv, National Population and Housing Census 2021. Source dimension labels and codes are preserved in observation breakdowns; opaque source vocabulary is not guessed.",PERSONS,labor,Indv55_PopulationByOccupation:f_35to39
CENSUS_INDV55_G_40TO44,Population By Occupation: g_40to44 (Census 2021),"Source column g_40to44 from Indv55_PopulationByOccupation.csv, National Population and Housing Census 2021. Source dimension labels and codes are preserved in observation breakdowns; opaque source vocabulary is not guessed.",PERSONS,labor,Indv55_PopulationByOccupation:g_40to44
CENSUS_INDV55_H_45TO49,Population By Occupation: h_45to49 (Census 2021),"Source column h_45to49 from Indv55_PopulationByOccupation.csv, National Population and Housing Census 2021. Source dimension labels and codes are preserved in observation breakdowns; opaque source vocabulary is not guessed.",PERSONS,labor,Indv55_PopulationByOccupation:h_45to49
CENSUS_INDV55_I_50TO54,Population By Occupation: i_50to54 (Census 2021),"Source column i_50to54 from Indv55_PopulationByOccupation.csv, National Population and Housing Census 2021. Source dimension labels and codes are preserved in observation breakdowns; opaque source vocabulary is not guessed.",PERSONS,labor,Indv55_PopulationByOccupation:i_50to54
CENSUS_INDV55_J_55TO59,Population By Occupation: j_55to59 (Census 2021),"Source column j_55to59 from Indv55_PopulationByOccupation.csv, National Population and Housing Census 2021. Source dimension labels and codes are preserved in observation breakdowns; opaque source vocabulary is not guessed.",PERSONS,labor,Indv55_PopulationByOccupation:j_55to59
CENSUS_INDV55_K_60TO64,Population By Occupation: k_60to64 (Census 2021),"Source column k_60to64 from Indv55_PopulationByOccupation.csv, National Population and Housing Census 2021. Source dimension labels and codes are preserved in observation breakdowns; opaque source vocabulary is not guessed.",PERSONS,labor,Indv55_PopulationByOccupation:k_60to64
CENSUS_INDV55_L_65PLS,Population By Occupation: l_65pls (Census 2021),"Source column l_65pls from Indv55_PopulationByOccupation.csv, National Population and Housing Census 2021. Source dimension labels and codes are preserved in observation breakdowns; opaque source vocabulary is not guessed.",PERSONS,labor,Indv55_PopulationByOccupation:l_65pls
CENSUS_INDV56_ROWTOTAL,Population By Industry: rowtotal (Census 2021),"Source column rowtotal from Indv56_PopulationByIndustry.csv, National Population and Housing Census 2021. Source dimension labels and codes are preserved in observation breakdowns; opaque source vocabulary is not guessed.",PERSONS,labor,Indv56_PopulationByIndustry:rowtotal
CENSUS_INDV56_A_10TO14,Population By Industry: a_10to14 (Census 2021),"Source column a_10to14 from Indv56_PopulationByIndustry.csv, National Population and Housing Census 2021. Source dimension labels and codes are preserved in observation breakdowns; opaque source vocabulary is not guessed.",PERSONS,labor,Indv56_PopulationByIndustry:a_10to14
CENSUS_INDV56_B_15TO19,Population By Industry: b_15to19 (Census 2021),"Source column b_15to19 from Indv56_PopulationByIndustry.csv, National Population and Housing Census 2021. Source dimension labels and codes are preserved in observation breakdowns; opaque source vocabulary is not guessed.",PERSONS,labor,Indv56_PopulationByIndustry:b_15to19
CENSUS_INDV56_C_20TO24,Population By Industry: c_20to24 (Census 2021),"Source column c_20to24 from Indv56_PopulationByIndustry.csv, National Population and Housing Census 2021. Source dimension labels and codes are preserved in observation breakdowns; opaque source vocabulary is not guessed.",PERSONS,labor,Indv56_PopulationByIndustry:c_20to24
CENSUS_INDV56_D_25TO29,Population By Industry: d_25to29 (Census 2021),"Source column d_25to29 from Indv56_PopulationByIndustry.csv, National Population and Housing Census 2021. Source dimension labels and codes are preserved in observation breakdowns; opaque source vocabulary is not guessed.",PERSONS,labor,Indv56_PopulationByIndustry:d_25to29
CENSUS_INDV56_E_30TO34,Population By Industry: e_30to34 (Census 2021),"Source column e_30to34 from Indv56_PopulationByIndustry.csv, National Population and Housing Census 2021. Source dimension labels and codes are preserved in observation breakdowns; opaque source vocabulary is not guessed.",PERSONS,labor,Indv56_PopulationByIndustry:e_30to34
CENSUS_INDV56_F_35TO39,Population By Industry: f_35to39 (Census 2021),"Source column f_35to39 from Indv56_PopulationByIndustry.csv, National Population and Housing Census 2021. Source dimension labels and codes are preserved in observation breakdowns; opaque source vocabulary is not guessed.",PERSONS,labor,Indv56_PopulationByIndustry:f_35to39
CENSUS_INDV56_G_40TO44,Population By Industry: g_40to44 (Census 2021),"Source column g_40to44 from Indv56_PopulationByIndustry.csv, National Population and Housing Census 2021. Source dimension labels and codes are preserved in observation breakdowns; opaque source vocabulary is not guessed.",PERSONS,labor,Indv56_PopulationByIndustry:g_40to44
CENSUS_INDV56_H_45TO49,Population By Industry: h_45to49 (Census 2021),"Source column h_45to49 from Indv56_PopulationByIndustry.csv, National Population and Housing Census 2021. Source dimension labels and codes are preserved in observation breakdowns; opaque source vocabulary is not guessed.",PERSONS,labor,Indv56_PopulationByIndustry:h_45to49
CENSUS_INDV56_I_50TO54,Population By Industry: i_50to54 (Census 2021),"Source column i_50to54 from Indv56_PopulationByIndustry.csv, National Population and Housing Census 2021. Source dimension labels and codes are preserved in observation breakdowns; opaque source vocabulary is not guessed.",PERSONS,labor,Indv56_PopulationByIndustry:i_50to54
CENSUS_INDV56_J_55TO59,Population By Industry: j_55to59 (Census 2021),"Source column j_55to59 from Indv56_PopulationByIndustry.csv, National Population and Housing Census 2021. Source dimension labels and codes are preserved in observation breakdowns; opaque source vocabulary is not guessed.",PERSONS,labor,Indv56_PopulationByIndustry:j_55to59
CENSUS_INDV56_K_60TO64,Population By Industry: k_60to64 (Census 2021),"Source column k_60to64 from Indv56_PopulationByIndustry.csv, National Population and Housing Census 2021. Source dimension labels and codes are preserved in observation breakdowns; opaque source vocabulary is not guessed.",PERSONS,labor,Indv56_PopulationByIndustry:k_60to64
CENSUS_INDV56_L_65PLS,Population By Industry: l_65pls (Census 2021),"Source column l_65pls from Indv56_PopulationByIndustry.csv, National Population and Housing Census 2021. Source dimension labels and codes are preserved in observation breakdowns; opaque source vocabulary is not guessed.",PERSONS,labor,Indv56_PopulationByIndustry:l_65pls
CENSUS_INDV57_ROWTOTAL,Population By Occupation And Industry: rowtotal (Census 2021),"Source column rowtotal from Indv57_PopulationByOccupationAndIndustry.csv, National Population and Housing Census 2021. Source dimension labels and codes are preserved in observation breakdowns; opaque source vocabulary is not guessed.",PERSONS,labor,Indv57_PopulationByOccupationAndIndustry:rowtotal
CENSUS_INDV57_A_ARMED,Population By Occupation And Industry: a_armed (Census 2021),"Source column a_armed from Indv57_PopulationByOccupationAndIndustry.csv, National Population and Housing Census 2021. Source dimension labels and codes are preserved in observation breakdowns; opaque source vocabulary is not guessed.",PERSONS,labor,Indv57_PopulationByOccupationAndIndustry:a_armed
CENSUS_INDV57_B_MANAGR,Population By Occupation And Industry: b_managr (Census 2021),"Source column b_managr from Indv57_PopulationByOccupationAndIndustry.csv, National Population and Housing Census 2021. Source dimension labels and codes are preserved in observation breakdowns; opaque source vocabulary is not guessed.",PERSONS,labor,Indv57_PopulationByOccupationAndIndustry:b_managr
CENSUS_INDV57_C_PROFESNL,Population By Occupation And Industry: c_profesnl (Census 2021),"Source column c_profesnl from Indv57_PopulationByOccupationAndIndustry.csv, National Population and Housing Census 2021. Source dimension labels and codes are preserved in observation breakdowns; opaque source vocabulary is not guessed.",PERSONS,labor,Indv57_PopulationByOccupationAndIndustry:c_profesnl
CENSUS_INDV57_D_TECHNICIAN,Population By Occupation And Industry: d_technician (Census 2021),"Source column d_technician from Indv57_PopulationByOccupationAndIndustry.csv, National Population and Housing Census 2021. Source dimension labels and codes are preserved in observation breakdowns; opaque source vocabulary is not guessed.",PERSONS,labor,Indv57_PopulationByOccupationAndIndustry:d_technician
CENSUS_INDV57_E_CLERICAL,Population By Occupation And Industry: e_clerical (Census 2021),"Source column e_clerical from Indv57_PopulationByOccupationAndIndustry.csv, National Population and Housing Census 2021. Source dimension labels and codes are preserved in observation breakdowns; opaque source vocabulary is not guessed.",PERSONS,labor,Indv57_PopulationByOccupationAndIndustry:e_clerical
CENSUS_INDV57_F_SERVICE,Population By Occupation And Industry: f_service (Census 2021),"Source column f_service from Indv57_PopulationByOccupationAndIndustry.csv, National Population and Housing Census 2021. Source dimension labels and codes are preserved in observation breakdowns; opaque source vocabulary is not guessed.",PERSONS,labor,Indv57_PopulationByOccupationAndIndustry:f_service
CENSUS_INDV57_G_SKILLAGRI,Population By Occupation And Industry: g_skillagri (Census 2021),"Source column g_skillagri from Indv57_PopulationByOccupationAndIndustry.csv, National Population and Housing Census 2021. Source dimension labels and codes are preserved in observation breakdowns; opaque source vocabulary is not guessed.",PERSONS,labor,Indv57_PopulationByOccupationAndIndustry:g_skillagri
CENSUS_INDV57_H_CRAFT,Population By Occupation And Industry: h_craft (Census 2021),"Source column h_craft from Indv57_PopulationByOccupationAndIndustry.csv, National Population and Housing Census 2021. Source dimension labels and codes are preserved in observation breakdowns; opaque source vocabulary is not guessed.",PERSONS,labor,Indv57_PopulationByOccupationAndIndustry:h_craft
CENSUS_INDV57_I_PLANT,Population By Occupation And Industry: i_plant (Census 2021),"Source column i_plant from Indv57_PopulationByOccupationAndIndustry.csv, National Population and Housing Census 2021. Source dimension labels and codes are preserved in observation breakdowns; opaque source vocabulary is not guessed.",PERSONS,labor,Indv57_PopulationByOccupationAndIndustry:i_plant
CENSUS_INDV57_J_ELEMENTARY,Population By Occupation And Industry: j_elementary (Census 2021),"Source column j_elementary from Indv57_PopulationByOccupationAndIndustry.csv, National Population and Housing Census 2021. Source dimension labels and codes are preserved in observation breakdowns; opaque source vocabulary is not guessed.",PERSONS,labor,Indv57_PopulationByOccupationAndIndustry:j_elementary
CENSUS_INDV57_K_NOTSTD,Population By Occupation And Industry: k_notstd (Census 2021),"Source column k_notstd from Indv57_PopulationByOccupationAndIndustry.csv, National Population and Housing Census 2021. Source dimension labels and codes are preserved in observation breakdowns; opaque source vocabulary is not guessed.",PERSONS,labor,Indv57_PopulationByOccupationAndIndustry:k_notstd
CENSUS_INDV58_ROWTOTAL,Population By Lit Sts And Occupation: rowtotal (Census 2021),"Source column rowtotal from Indv58_PopulationByLitStsAndOccupation.csv, National Population and Housing Census 2021. Source dimension labels and codes are preserved in observation breakdowns; opaque source vocabulary is not guessed.",PERSONS,labor,Indv58_PopulationByLitStsAndOccupation:rowtotal
CENSUS_INDV58_A_ARMED,Population By Lit Sts And Occupation: a_armed (Census 2021),"Source column a_armed from Indv58_PopulationByLitStsAndOccupation.csv, National Population and Housing Census 2021. Source dimension labels and codes are preserved in observation breakdowns; opaque source vocabulary is not guessed.",PERSONS,labor,Indv58_PopulationByLitStsAndOccupation:a_armed
CENSUS_INDV58_B_MANAGR,Population By Lit Sts And Occupation: b_managr (Census 2021),"Source column b_managr from Indv58_PopulationByLitStsAndOccupation.csv, National Population and Housing Census 2021. Source dimension labels and codes are preserved in observation breakdowns; opaque source vocabulary is not guessed.",PERSONS,labor,Indv58_PopulationByLitStsAndOccupation:b_managr
CENSUS_INDV58_C_PROFESNL,Population By Lit Sts And Occupation: c_profesnl (Census 2021),"Source column c_profesnl from Indv58_PopulationByLitStsAndOccupation.csv, National Population and Housing Census 2021. Source dimension labels and codes are preserved in observation breakdowns; opaque source vocabulary is not guessed.",PERSONS,labor,Indv58_PopulationByLitStsAndOccupation:c_profesnl
CENSUS_INDV58_D_TECHNICIAN,Population By Lit Sts And Occupation: d_technician (Census 2021),"Source column d_technician from Indv58_PopulationByLitStsAndOccupation.csv, National Population and Housing Census 2021. Source dimension labels and codes are preserved in observation breakdowns; opaque source vocabulary is not guessed.",PERSONS,labor,Indv58_PopulationByLitStsAndOccupation:d_technician
CENSUS_INDV58_E_CLERICAL,Population By Lit Sts And Occupation: e_clerical (Census 2021),"Source column e_clerical from Indv58_PopulationByLitStsAndOccupation.csv, National Population and Housing Census 2021. Source dimension labels and codes are preserved in observation breakdowns; opaque source vocabulary is not guessed.",PERSONS,labor,Indv58_PopulationByLitStsAndOccupation:e_clerical
CENSUS_INDV58_F_SERVICE,Population By Lit Sts And Occupation: f_service (Census 2021),"Source column f_service from Indv58_PopulationByLitStsAndOccupation.csv, National Population and Housing Census 2021. Source dimension labels and codes are preserved in observation breakdowns; opaque source vocabulary is not guessed.",PERSONS,labor,Indv58_PopulationByLitStsAndOccupation:f_service
CENSUS_INDV58_G_SKILLAGRI,Population By Lit Sts And Occupation: g_skillagri (Census 2021),"Source column g_skillagri from Indv58_PopulationByLitStsAndOccupation.csv, National Population and Housing Census 2021. Source dimension labels and codes are preserved in observation breakdowns; opaque source vocabulary is not guessed.",PERSONS,labor,Indv58_PopulationByLitStsAndOccupation:g_skillagri
CENSUS_INDV58_H_CRAFT,Population By Lit Sts And Occupation: h_craft (Census 2021),"Source column h_craft from Indv58_PopulationByLitStsAndOccupation.csv, National Population and Housing Census 2021. Source dimension labels and codes are preserved in observation breakdowns; opaque source vocabulary is not guessed.",PERSONS,labor,Indv58_PopulationByLitStsAndOccupation:h_craft
CENSUS_INDV58_I_PLANT,Population By Lit Sts And Occupation: i_plant (Census 2021),"Source column i_plant from Indv58_PopulationByLitStsAndOccupation.csv, National Population and Housing Census 2021. Source dimension labels and codes are preserved in observation breakdowns; opaque source vocabulary is not guessed.",PERSONS,labor,Indv58_PopulationByLitStsAndOccupation:i_plant
CENSUS_INDV58_J_ELEMENTARY,Population By Lit Sts And Occupation: j_elementary (Census 2021),"Source column j_elementary from Indv58_PopulationByLitStsAndOccupation.csv, National Population and Housing Census 2021. Source dimension labels and codes are preserved in observation breakdowns; opaque source vocabulary is not guessed.",PERSONS,labor,Indv58_PopulationByLitStsAndOccupation:j_elementary
CENSUS_INDV58_K_NOTSTD,Population By Lit Sts And Occupation: k_notstd (Census 2021),"Source column k_notstd from Indv58_PopulationByLitStsAndOccupation.csv, National Population and Housing Census 2021. Source dimension labels and codes are preserved in observation breakdowns; opaque source vocabulary is not guessed.",PERSONS,labor,Indv58_PopulationByLitStsAndOccupation:k_notstd
CENSUS_INDV59_ROWTOTAL,Population By Lit Sts And Industry: rowtotal (Census 2021),"Source column rowtotal from Indv59_PopulationByLitStsAndIndustry.csv, National Population and Housing Census 2021. Source dimension labels and codes are preserved in observation breakdowns; opaque source vocabulary is not guessed.",PERSONS,labor,Indv59_PopulationByLitStsAndIndustry:rowtotal
CENSUS_INDV59_A_AGRI,Population By Lit Sts And Industry: a_agri (Census 2021),"Source column a_agri from Indv59_PopulationByLitStsAndIndustry.csv, National Population and Housing Census 2021. Source dimension labels and codes are preserved in observation breakdowns; opaque source vocabulary is not guessed.",PERSONS,labor,Indv59_PopulationByLitStsAndIndustry:a_agri
CENSUS_INDV59_B_MINING,Population By Lit Sts And Industry: b_mining (Census 2021),"Source column b_mining from Indv59_PopulationByLitStsAndIndustry.csv, National Population and Housing Census 2021. Source dimension labels and codes are preserved in observation breakdowns; opaque source vocabulary is not guessed.",PERSONS,labor,Indv59_PopulationByLitStsAndIndustry:b_mining
CENSUS_INDV59_C_MANUF,Population By Lit Sts And Industry: c_manuf (Census 2021),"Source column c_manuf from Indv59_PopulationByLitStsAndIndustry.csv, National Population and Housing Census 2021. Source dimension labels and codes are preserved in observation breakdowns; opaque source vocabulary is not guessed.",PERSONS,labor,Indv59_PopulationByLitStsAndIndustry:c_manuf
CENSUS_INDV59_D_ELECTRI,Population By Lit Sts And Industry: d_electri (Census 2021),"Source column d_electri from Indv59_PopulationByLitStsAndIndustry.csv, National Population and Housing Census 2021. Source dimension labels and codes are preserved in observation breakdowns; opaque source vocabulary is not guessed.",PERSONS,labor,Indv59_PopulationByLitStsAndIndustry:d_electri
CENSUS_INDV59_E_WATER,Population By Lit Sts And Industry: e_water (Census 2021),"Source column e_water from Indv59_PopulationByLitStsAndIndustry.csv, National Population and Housing Census 2021. Source dimension labels and codes are preserved in observation breakdowns; opaque source vocabulary is not guessed.",PERSONS,labor,Indv59_PopulationByLitStsAndIndustry:e_water
CENSUS_INDV59_F_CONST,Population By Lit Sts And Industry: f_const (Census 2021),"Source column f_const from Indv59_PopulationByLitStsAndIndustry.csv, National Population and Housing Census 2021. Source dimension labels and codes are preserved in observation breakdowns; opaque source vocabulary is not guessed.",PERSONS,labor,Indv59_PopulationByLitStsAndIndustry:f_const
CENSUS_INDV59_G_WHOLESALE,Population By Lit Sts And Industry: g_wholesale (Census 2021),"Source column g_wholesale from Indv59_PopulationByLitStsAndIndustry.csv, National Population and Housing Census 2021. Source dimension labels and codes are preserved in observation breakdowns; opaque source vocabulary is not guessed.",PERSONS,labor,Indv59_PopulationByLitStsAndIndustry:g_wholesale
CENSUS_INDV59_H_TRANSP,Population By Lit Sts And Industry: h_transp (Census 2021),"Source column h_transp from Indv59_PopulationByLitStsAndIndustry.csv, National Population and Housing Census 2021. Source dimension labels and codes are preserved in observation breakdowns; opaque source vocabulary is not guessed.",PERSONS,labor,Indv59_PopulationByLitStsAndIndustry:h_transp
CENSUS_INDV59_I_ACCOMMOD,Population By Lit Sts And Industry: i_accommod (Census 2021),"Source column i_accommod from Indv59_PopulationByLitStsAndIndustry.csv, National Population and Housing Census 2021. Source dimension labels and codes are preserved in observation breakdowns; opaque source vocabulary is not guessed.",PERSONS,labor,Indv59_PopulationByLitStsAndIndustry:i_accommod
CENSUS_INDV59_J_INFORMAT,Population By Lit Sts And Industry: j_informat (Census 2021),"Source column j_informat from Indv59_PopulationByLitStsAndIndustry.csv, National Population and Housing Census 2021. Source dimension labels and codes are preserved in observation breakdowns; opaque source vocabulary is not guessed.",PERSONS,labor,Indv59_PopulationByLitStsAndIndustry:j_informat
CENSUS_INDV59_K_FINANCE,Population By Lit Sts And Industry: k_finance (Census 2021),"Source column k_finance from Indv59_PopulationByLitStsAndIndustry.csv, National Population and Housing Census 2021. Source dimension labels and codes are preserved in observation breakdowns; opaque source vocabulary is not guessed.",PERSONS,labor,Indv59_PopulationByLitStsAndIndustry:k_finance
CENSUS_INDV59_L_REALESTAT,Population By Lit Sts And Industry: l_realestat (Census 2021),"Source column l_realestat from Indv59_PopulationByLitStsAndIndustry.csv, National Population and Housing Census 2021. Source dimension labels and codes are preserved in observation breakdowns; opaque source vocabulary is not guessed.",PERSONS,labor,Indv59_PopulationByLitStsAndIndustry:l_realestat
CENSUS_INDV59_M_PROFESNL,Population By Lit Sts And Industry: m_profesnl (Census 2021),"Source column m_profesnl from Indv59_PopulationByLitStsAndIndustry.csv, National Population and Housing Census 2021. Source dimension labels and codes are preserved in observation breakdowns; opaque source vocabulary is not guessed.",PERSONS,labor,Indv59_PopulationByLitStsAndIndustry:m_profesnl
CENSUS_INDV59_N_ADMIN,Population By Lit Sts And Industry: n_admin (Census 2021),"Source column n_admin from Indv59_PopulationByLitStsAndIndustry.csv, National Population and Housing Census 2021. Source dimension labels and codes are preserved in observation breakdowns; opaque source vocabulary is not guessed.",PERSONS,labor,Indv59_PopulationByLitStsAndIndustry:n_admin
CENSUS_INDV59_O_PUB_ADMIN,Population By Lit Sts And Industry: o_pub_admin (Census 2021),"Source column o_pub_admin from Indv59_PopulationByLitStsAndIndustry.csv, National Population and Housing Census 2021. Source dimension labels and codes are preserved in observation breakdowns; opaque source vocabulary is not guessed.",PERSONS,labor,Indv59_PopulationByLitStsAndIndustry:o_pub_admin
CENSUS_INDV59_P_EDUCATN,Population By Lit Sts And Industry: p_educatn (Census 2021),"Source column p_educatn from Indv59_PopulationByLitStsAndIndustry.csv, National Population and Housing Census 2021. Source dimension labels and codes are preserved in observation breakdowns; opaque source vocabulary is not guessed.",PERSONS,labor,Indv59_PopulationByLitStsAndIndustry:p_educatn
CENSUS_INDV59_Q_HUMNHEALTH,Population By Lit Sts And Industry: q_humnhealth (Census 2021),"Source column q_humnhealth from Indv59_PopulationByLitStsAndIndustry.csv, National Population and Housing Census 2021. Source dimension labels and codes are preserved in observation breakdowns; opaque source vocabulary is not guessed.",PERSONS,labor,Indv59_PopulationByLitStsAndIndustry:q_humnhealth
CENSUS_INDV59_R_ARTS,Population By Lit Sts And Industry: r_arts (Census 2021),"Source column r_arts from Indv59_PopulationByLitStsAndIndustry.csv, National Population and Housing Census 2021. Source dimension labels and codes are preserved in observation breakdowns; opaque source vocabulary is not guessed.",PERSONS,labor,Indv59_PopulationByLitStsAndIndustry:r_arts
CENSUS_INDV59_S_OTHERSERVIC,Population By Lit Sts And Industry: s_otherservic (Census 2021),"Source column s_otherservic from Indv59_PopulationByLitStsAndIndustry.csv, National Population and Housing Census 2021. Source dimension labels and codes are preserved in observation breakdowns; opaque source vocabulary is not guessed.",PERSONS,labor,Indv59_PopulationByLitStsAndIndustry:s_otherservic
CENSUS_INDV59_T_HHLD_ACTIV,Population By Lit Sts And Industry: t_hhld_activ (Census 2021),"Source column t_hhld_activ from Indv59_PopulationByLitStsAndIndustry.csv, National Population and Housing Census 2021. Source dimension labels and codes are preserved in observation breakdowns; opaque source vocabulary is not guessed.",PERSONS,labor,Indv59_PopulationByLitStsAndIndustry:t_hhld_activ
CENSUS_INDV59_U_EXTRA_TERI,Population By Lit Sts And Industry: u_extra_teri (Census 2021),"Source column u_extra_teri from Indv59_PopulationByLitStsAndIndustry.csv, National Population and Housing Census 2021. Source dimension labels and codes are preserved in observation breakdowns; opaque source vocabulary is not guessed.",PERSONS,labor,Indv59_PopulationByLitStsAndIndustry:u_extra_teri
CENSUS_INDV59_V_NOTSTD,Population By Lit Sts And Industry: v_notstd (Census 2021),"Source column v_notstd from Indv59_PopulationByLitStsAndIndustry.csv, National Population and Housing Census 2021. Source dimension labels and codes are preserved in observation breakdowns; opaque source vocabulary is not guessed.",PERSONS,labor,Indv59_PopulationByLitStsAndIndustry:v_notstd
CENSUS_INDV60_ROWTOTAL,Population By Employment Status: rowtotal (Census 2021),"Source column rowtotal from Indv60_PopulationByEmploymentStatus.csv, National Population and Housing Census 2021. Source dimension labels and codes are preserved in observation breakdowns; opaque source vocabulary is not guessed.",PERSONS,labor,Indv60_PopulationByEmploymentStatus:rowtotal
CENSUS_INDV60_A_10TO14,Population By Employment Status: a_10to14 (Census 2021),"Source column a_10to14 from Indv60_PopulationByEmploymentStatus.csv, National Population and Housing Census 2021. Source dimension labels and codes are preserved in observation breakdowns; opaque source vocabulary is not guessed.",PERSONS,labor,Indv60_PopulationByEmploymentStatus:a_10to14
CENSUS_INDV60_B_15TO19,Population By Employment Status: b_15to19 (Census 2021),"Source column b_15to19 from Indv60_PopulationByEmploymentStatus.csv, National Population and Housing Census 2021. Source dimension labels and codes are preserved in observation breakdowns; opaque source vocabulary is not guessed.",PERSONS,labor,Indv60_PopulationByEmploymentStatus:b_15to19
CENSUS_INDV60_C_20TO24,Population By Employment Status: c_20to24 (Census 2021),"Source column c_20to24 from Indv60_PopulationByEmploymentStatus.csv, National Population and Housing Census 2021. Source dimension labels and codes are preserved in observation breakdowns; opaque source vocabulary is not guessed.",PERSONS,labor,Indv60_PopulationByEmploymentStatus:c_20to24
CENSUS_INDV60_D_25TO29,Population By Employment Status: d_25to29 (Census 2021),"Source column d_25to29 from Indv60_PopulationByEmploymentStatus.csv, National Population and Housing Census 2021. Source dimension labels and codes are preserved in observation breakdowns; opaque source vocabulary is not guessed.",PERSONS,labor,Indv60_PopulationByEmploymentStatus:d_25to29
CENSUS_INDV60_E_30TO34,Population By Employment Status: e_30to34 (Census 2021),"Source column e_30to34 from Indv60_PopulationByEmploymentStatus.csv, National Population and Housing Census 2021. Source dimension labels and codes are preserved in observation breakdowns; opaque source vocabulary is not guessed.",PERSONS,labor,Indv60_PopulationByEmploymentStatus:e_30to34
CENSUS_INDV60_F_35TO39,Population By Employment Status: f_35to39 (Census 2021),"Source column f_35to39 from Indv60_PopulationByEmploymentStatus.csv, National Population and Housing Census 2021. Source dimension labels and codes are preserved in observation breakdowns; opaque source vocabulary is not guessed.",PERSONS,labor,Indv60_PopulationByEmploymentStatus:f_35to39
CENSUS_INDV60_G_40TO44,Population By Employment Status: g_40to44 (Census 2021),"Source column g_40to44 from Indv60_PopulationByEmploymentStatus.csv, National Population and Housing Census 2021. Source dimension labels and codes are preserved in observation breakdowns; opaque source vocabulary is not guessed.",PERSONS,labor,Indv60_PopulationByEmploymentStatus:g_40to44
CENSUS_INDV60_H_45TO49,Population By Employment Status: h_45to49 (Census 2021),"Source column h_45to49 from Indv60_PopulationByEmploymentStatus.csv, National Population and Housing Census 2021. Source dimension labels and codes are preserved in observation breakdowns; opaque source vocabulary is not guessed.",PERSONS,labor,Indv60_PopulationByEmploymentStatus:h_45to49
CENSUS_INDV60_I_50TO54,Population By Employment Status: i_50to54 (Census 2021),"Source column i_50to54 from Indv60_PopulationByEmploymentStatus.csv, National Population and Housing Census 2021. Source dimension labels and codes are preserved in observation breakdowns; opaque source vocabulary is not guessed.",PERSONS,labor,Indv60_PopulationByEmploymentStatus:i_50to54
CENSUS_INDV60_J_55TO59,Population By Employment Status: j_55to59 (Census 2021),"Source column j_55to59 from Indv60_PopulationByEmploymentStatus.csv, National Population and Housing Census 2021. Source dimension labels and codes are preserved in observation breakdowns; opaque source vocabulary is not guessed.",PERSONS,labor,Indv60_PopulationByEmploymentStatus:j_55to59
CENSUS_INDV60_K_60TO64,Population By Employment Status: k_60to64 (Census 2021),"Source column k_60to64 from Indv60_PopulationByEmploymentStatus.csv, National Population and Housing Census 2021. Source dimension labels and codes are preserved in observation breakdowns; opaque source vocabulary is not guessed.",PERSONS,labor,Indv60_PopulationByEmploymentStatus:k_60to64
CENSUS_INDV60_L_65PLS,Population By Employment Status: l_65pls (Census 2021),"Source column l_65pls from Indv60_PopulationByEmploymentStatus.csv, National Population and Housing Census 2021. Source dimension labels and codes are preserved in observation breakdowns; opaque source vocabulary is not guessed.",PERSONS,labor,Indv60_PopulationByEmploymentStatus:l_65pls
CENSUS_INDV61_ROWTOTAL,Population By Occupation And Emp Sts: rowtotal (Census 2021),"Source column rowtotal from Indv61_PopulationByOccupationAndEmpSts.csv, National Population and Housing Census 2021. Source dimension labels and codes are preserved in observation breakdowns; opaque source vocabulary is not guessed.",PERSONS,labor,Indv61_PopulationByOccupationAndEmpSts:rowtotal
CENSUS_INDV61_A_EMPLOYEE,Population By Occupation And Emp Sts: a_employee (Census 2021),"Source column a_employee from Indv61_PopulationByOccupationAndEmpSts.csv, National Population and Housing Census 2021. Source dimension labels and codes are preserved in observation breakdowns; opaque source vocabulary is not guessed.",PERSONS,labor,Indv61_PopulationByOccupationAndEmpSts:a_employee
CENSUS_INDV61_B_EMPLOYER,Population By Occupation And Emp Sts: b_employer (Census 2021),"Source column b_employer from Indv61_PopulationByOccupationAndEmpSts.csv, National Population and Housing Census 2021. Source dimension labels and codes are preserved in observation breakdowns; opaque source vocabulary is not guessed.",PERSONS,labor,Indv61_PopulationByOccupationAndEmpSts:b_employer
CENSUS_INDV61_C_OWNACCOUNT,Population By Occupation And Emp Sts: c_ownaccount (Census 2021),"Source column c_ownaccount from Indv61_PopulationByOccupationAndEmpSts.csv, National Population and Housing Census 2021. Source dimension labels and codes are preserved in observation breakdowns; opaque source vocabulary is not guessed.",PERSONS,labor,Indv61_PopulationByOccupationAndEmpSts:c_ownaccount
CENSUS_INDV61_D_FAMILYSUPP,Population By Occupation And Emp Sts: d_familysupp (Census 2021),"Source column d_familysupp from Indv61_PopulationByOccupationAndEmpSts.csv, National Population and Housing Census 2021. Source dimension labels and codes are preserved in observation breakdowns; opaque source vocabulary is not guessed.",PERSONS,labor,Indv61_PopulationByOccupationAndEmpSts:d_familysupp
CENSUS_INDV61_E_NOTSTD,Population By Occupation And Emp Sts: e_notstd (Census 2021),"Source column e_notstd from Indv61_PopulationByOccupationAndEmpSts.csv, National Population and Housing Census 2021. Source dimension labels and codes are preserved in observation breakdowns; opaque source vocabulary is not guessed.",PERSONS,labor,Indv61_PopulationByOccupationAndEmpSts:e_notstd
CENSUS_INDV62_ROWTOTAL,Population By Sector: rowtotal (Census 2021),"Source column rowtotal from Indv62_PopulationBySector.csv, National Population and Housing Census 2021. Source dimension labels and codes are preserved in observation breakdowns; opaque source vocabulary is not guessed.",PERSONS,labor,Indv62_PopulationBySector:rowtotal
CENSUS_INDV62_A_GOVT,Population By Sector: a_govt (Census 2021),"Source column a_govt from Indv62_PopulationBySector.csv, National Population and Housing Census 2021. Source dimension labels and codes are preserved in observation breakdowns; opaque source vocabulary is not guessed.",PERSONS,labor,Indv62_PopulationBySector:a_govt
CENSUS_INDV62_B_FINANCL,Population By Sector: b_financl (Census 2021),"Source column b_financl from Indv62_PopulationBySector.csv, National Population and Housing Census 2021. Source dimension labels and codes are preserved in observation breakdowns; opaque source vocabulary is not guessed.",PERSONS,labor,Indv62_PopulationBySector:b_financl
CENSUS_INDV62_C_NFINANCL,Population By Sector: c_nfinancl (Census 2021),"Source column c_nfinancl from Indv62_PopulationBySector.csv, National Population and Housing Census 2021. Source dimension labels and codes are preserved in observation breakdowns; opaque source vocabulary is not guessed.",PERSONS,labor,Indv62_PopulationBySector:c_nfinancl
CENSUS_INDV62_D_NPROFIT,Population By Sector: d_nprofit (Census 2021),"Source column d_nprofit from Indv62_PopulationBySector.csv, National Population and Housing Census 2021. Source dimension labels and codes are preserved in observation breakdowns; opaque source vocabulary is not guessed.",PERSONS,labor,Indv62_PopulationBySector:d_nprofit
CENSUS_INDV62_E_HHLDSECTR,Population By Sector: e_hhldsectr (Census 2021),"Source column e_hhldsectr from Indv62_PopulationBySector.csv, National Population and Housing Census 2021. Source dimension labels and codes are preserved in observation breakdowns; opaque source vocabulary is not guessed.",PERSONS,labor,Indv62_PopulationBySector:e_hhldsectr
CENSUS_INDV62_F_NOTSTD,Population By Sector: f_notstd (Census 2021),"Source column f_notstd from Indv62_PopulationBySector.csv, National Population and Housing Census 2021. Source dimension labels and codes are preserved in observation breakdowns; opaque source vocabulary is not guessed.",PERSONS,labor,Indv62_PopulationBySector:f_notstd
CENSUS_INDV63_ROWTOTAL,Population By Lit Sts And Sector: rowtotal (Census 2021),"Source column rowtotal from Indv63_PopulationByLitStsAndSector.csv, National Population and Housing Census 2021. Source dimension labels and codes are preserved in observation breakdowns; opaque source vocabulary is not guessed.",PERSONS,labor,Indv63_PopulationByLitStsAndSector:rowtotal
CENSUS_INDV63_A_GOVT,Population By Lit Sts And Sector: a_govt (Census 2021),"Source column a_govt from Indv63_PopulationByLitStsAndSector.csv, National Population and Housing Census 2021. Source dimension labels and codes are preserved in observation breakdowns; opaque source vocabulary is not guessed.",PERSONS,labor,Indv63_PopulationByLitStsAndSector:a_govt
CENSUS_INDV63_B_FINANCL,Population By Lit Sts And Sector: b_financl (Census 2021),"Source column b_financl from Indv63_PopulationByLitStsAndSector.csv, National Population and Housing Census 2021. Source dimension labels and codes are preserved in observation breakdowns; opaque source vocabulary is not guessed.",PERSONS,labor,Indv63_PopulationByLitStsAndSector:b_financl
CENSUS_INDV63_C_NFINANCL,Population By Lit Sts And Sector: c_nfinancl (Census 2021),"Source column c_nfinancl from Indv63_PopulationByLitStsAndSector.csv, National Population and Housing Census 2021. Source dimension labels and codes are preserved in observation breakdowns; opaque source vocabulary is not guessed.",PERSONS,labor,Indv63_PopulationByLitStsAndSector:c_nfinancl
CENSUS_INDV63_D_NPROFIT,Population By Lit Sts And Sector: d_nprofit (Census 2021),"Source column d_nprofit from Indv63_PopulationByLitStsAndSector.csv, National Population and Housing Census 2021. Source dimension labels and codes are preserved in observation breakdowns; opaque source vocabulary is not guessed.",PERSONS,labor,Indv63_PopulationByLitStsAndSector:d_nprofit
CENSUS_INDV63_E_HHLDSECTR,Population By Lit Sts And Sector: e_hhldsectr (Census 2021),"Source column e_hhldsectr from Indv63_PopulationByLitStsAndSector.csv, National Population and Housing Census 2021. Source dimension labels and codes are preserved in observation breakdowns; opaque source vocabulary is not guessed.",PERSONS,labor,Indv63_PopulationByLitStsAndSector:e_hhldsectr
CENSUS_INDV63_F_NOTSTD,Population By Lit Sts And Sector: f_notstd (Census 2021),"Source column f_notstd from Indv63_PopulationByLitStsAndSector.csv, National Population and Housing Census 2021. Source dimension labels and codes are preserved in observation breakdowns; opaque source vocabulary is not guessed.",PERSONS,labor,Indv63_PopulationByLitStsAndSector:f_notstd
CENSUS_INDV64_ROWTOTAL,Population By Occupation And Sector: rowtotal (Census 2021),"Source column rowtotal from Indv64_PopulationByOccupationAndSector.csv, National Population and Housing Census 2021. Source dimension labels and codes are preserved in observation breakdowns; opaque source vocabulary is not guessed.",PERSONS,labor,Indv64_PopulationByOccupationAndSector:rowtotal
CENSUS_INDV64_A_GOVT,Population By Occupation And Sector: a_govt (Census 2021),"Source column a_govt from Indv64_PopulationByOccupationAndSector.csv, National Population and Housing Census 2021. Source dimension labels and codes are preserved in observation breakdowns; opaque source vocabulary is not guessed.",PERSONS,labor,Indv64_PopulationByOccupationAndSector:a_govt
CENSUS_INDV64_B_FINANCL,Population By Occupation And Sector: b_financl (Census 2021),"Source column b_financl from Indv64_PopulationByOccupationAndSector.csv, National Population and Housing Census 2021. Source dimension labels and codes are preserved in observation breakdowns; opaque source vocabulary is not guessed.",PERSONS,labor,Indv64_PopulationByOccupationAndSector:b_financl
CENSUS_INDV64_C_NFINANCL,Population By Occupation And Sector: c_nfinancl (Census 2021),"Source column c_nfinancl from Indv64_PopulationByOccupationAndSector.csv, National Population and Housing Census 2021. Source dimension labels and codes are preserved in observation breakdowns; opaque source vocabulary is not guessed.",PERSONS,labor,Indv64_PopulationByOccupationAndSector:c_nfinancl
CENSUS_INDV64_D_NPROFIT,Population By Occupation And Sector: d_nprofit (Census 2021),"Source column d_nprofit from Indv64_PopulationByOccupationAndSector.csv, National Population and Housing Census 2021. Source dimension labels and codes are preserved in observation breakdowns; opaque source vocabulary is not guessed.",PERSONS,labor,Indv64_PopulationByOccupationAndSector:d_nprofit
CENSUS_INDV64_E_HHLDSECTR,Population By Occupation And Sector: e_hhldsectr (Census 2021),"Source column e_hhldsectr from Indv64_PopulationByOccupationAndSector.csv, National Population and Housing Census 2021. Source dimension labels and codes are preserved in observation breakdowns; opaque source vocabulary is not guessed.",PERSONS,labor,Indv64_PopulationByOccupationAndSector:e_hhldsectr
CENSUS_INDV64_F_NOTSTD,Population By Occupation And Sector: f_notstd (Census 2021),"Source column f_notstd from Indv64_PopulationByOccupationAndSector.csv, National Population and Housing Census 2021. Source dimension labels and codes are preserved in observation breakdowns; opaque source vocabulary is not guessed.",PERSONS,labor,Indv64_PopulationByOccupationAndSector:f_notstd
CENSUS_INDV65_ROWTOTAL,Population By Industry And Sector: rowtotal (Census 2021),"Source column rowtotal from Indv65_PopulationByIndustryAndSector.csv, National Population and Housing Census 2021. Source dimension labels and codes are preserved in observation breakdowns; opaque source vocabulary is not guessed.",PERSONS,labor,Indv65_PopulationByIndustryAndSector:rowtotal
CENSUS_INDV65_A_GOVT,Population By Industry And Sector: a_govt (Census 2021),"Source column a_govt from Indv65_PopulationByIndustryAndSector.csv, National Population and Housing Census 2021. Source dimension labels and codes are preserved in observation breakdowns; opaque source vocabulary is not guessed.",PERSONS,labor,Indv65_PopulationByIndustryAndSector:a_govt
CENSUS_INDV65_B_FINANCL,Population By Industry And Sector: b_financl (Census 2021),"Source column b_financl from Indv65_PopulationByIndustryAndSector.csv, National Population and Housing Census 2021. Source dimension labels and codes are preserved in observation breakdowns; opaque source vocabulary is not guessed.",PERSONS,labor,Indv65_PopulationByIndustryAndSector:b_financl
CENSUS_INDV65_C_NFINANCL,Population By Industry And Sector: c_nfinancl (Census 2021),"Source column c_nfinancl from Indv65_PopulationByIndustryAndSector.csv, National Population and Housing Census 2021. Source dimension labels and codes are preserved in observation breakdowns; opaque source vocabulary is not guessed.",PERSONS,labor,Indv65_PopulationByIndustryAndSector:c_nfinancl
CENSUS_INDV65_D_NPROFIT,Population By Industry And Sector: d_nprofit (Census 2021),"Source column d_nprofit from Indv65_PopulationByIndustryAndSector.csv, National Population and Housing Census 2021. Source dimension labels and codes are preserved in observation breakdowns; opaque source vocabulary is not guessed.",PERSONS,labor,Indv65_PopulationByIndustryAndSector:d_nprofit
CENSUS_INDV65_E_HHLDSECTR,Population By Industry And Sector: e_hhldsectr (Census 2021),"Source column e_hhldsectr from Indv65_PopulationByIndustryAndSector.csv, National Population and Housing Census 2021. Source dimension labels and codes are preserved in observation breakdowns; opaque source vocabulary is not guessed.",PERSONS,labor,Indv65_PopulationByIndustryAndSector:e_hhldsectr
CENSUS_INDV65_F_NOTSTD,Population By Industry And Sector: f_notstd (Census 2021),"Source column f_notstd from Indv65_PopulationByIndustryAndSector.csv, National Population and Housing Census 2021. Source dimension labels and codes are preserved in observation breakdowns; opaque source vocabulary is not guessed.",PERSONS,labor,Indv65_PopulationByIndustryAndSector:f_notstd
CENSUS_INDV66_ROWTOTAL,Population By Reason: rowtotal (Census 2021),"Source column rowtotal from Indv66_PopulationByReason.csv, National Population and Housing Census 2021. Source dimension labels and codes are preserved in observation breakdowns; opaque source vocabulary is not guessed.",PERSONS,population,Indv66_PopulationByReason:rowtotal
CENSUS_INDV66_A_STUDENT,Population By Reason: a_student (Census 2021),"Source column a_student from Indv66_PopulationByReason.csv, National Population and Housing Census 2021. Source dimension labels and codes are preserved in observation breakdowns; opaque source vocabulary is not guessed.",PERSONS,population,Indv66_PopulationByReason:a_student
CENSUS_INDV66_B_HHLDWORK,Population By Reason: b_hhldwork (Census 2021),"Source column b_hhldwork from Indv66_PopulationByReason.csv, National Population and Housing Census 2021. Source dimension labels and codes are preserved in observation breakdowns; opaque source vocabulary is not guessed.",PERSONS,population,Indv66_PopulationByReason:b_hhldwork
CENSUS_INDV66_C_HHLDCHORE,Population By Reason: c_hhldchore (Census 2021),"Source column c_hhldchore from Indv66_PopulationByReason.csv, National Population and Housing Census 2021. Source dimension labels and codes are preserved in observation breakdowns; opaque source vocabulary is not guessed.",PERSONS,population,Indv66_PopulationByReason:c_hhldchore
CENSUS_INDV66_D_AGED,Population By Reason: d_aged (Census 2021),"Source column d_aged from Indv66_PopulationByReason.csv, National Population and Housing Census 2021. Source dimension labels and codes are preserved in observation breakdowns; opaque source vocabulary is not guessed.",PERSONS,population,Indv66_PopulationByReason:d_aged
CENSUS_INDV66_E_DISABLE,Population By Reason: e_disable (Census 2021),"Source column e_disable from Indv66_PopulationByReason.csv, National Population and Housing Census 2021. Source dimension labels and codes are preserved in observation breakdowns; opaque source vocabulary is not guessed.",PERSONS,population,Indv66_PopulationByReason:e_disable
CENSUS_INDV66_F_PENSION,Population By Reason: f_pension (Census 2021),"Source column f_pension from Indv66_PopulationByReason.csv, National Population and Housing Census 2021. Source dimension labels and codes are preserved in observation breakdowns; opaque source vocabulary is not guessed.",PERSONS,population,Indv66_PopulationByReason:f_pension
CENSUS_INDV66_G_SOCLWORK,Population By Reason: g_soclwork (Census 2021),"Source column g_soclwork from Indv66_PopulationByReason.csv, National Population and Housing Census 2021. Source dimension labels and codes are preserved in observation breakdowns; opaque source vocabulary is not guessed.",PERSONS,population,Indv66_PopulationByReason:g_soclwork
CENSUS_INDV66_H_OTHER,Population By Reason: h_other (Census 2021),"Source column h_other from Indv66_PopulationByReason.csv, National Population and Housing Census 2021. Source dimension labels and codes are preserved in observation breakdowns; opaque source vocabulary is not guessed.",PERSONS,population,Indv66_PopulationByReason:h_other
CENSUS_INDV66_I_NOTSTD,Population By Reason: i_notstd (Census 2021),"Source column i_notstd from Indv66_PopulationByReason.csv, National Population and Housing Census 2021. Source dimension labels and codes are preserved in observation breakdowns; opaque source vocabulary is not guessed.",PERSONS,population,Indv66_PopulationByReason:i_notstd
CENSUS_INDV67_ROWTOTAL,Population By Lit Sts And Reason: rowtotal (Census 2021),"Source column rowtotal from Indv67_PopulationByLitStsAndReason.csv, National Population and Housing Census 2021. Source dimension labels and codes are preserved in observation breakdowns; opaque source vocabulary is not guessed.",PERSONS,population,Indv67_PopulationByLitStsAndReason:rowtotal
CENSUS_INDV67_A_STUDENT,Population By Lit Sts And Reason: a_student (Census 2021),"Source column a_student from Indv67_PopulationByLitStsAndReason.csv, National Population and Housing Census 2021. Source dimension labels and codes are preserved in observation breakdowns; opaque source vocabulary is not guessed.",PERSONS,population,Indv67_PopulationByLitStsAndReason:a_student
CENSUS_INDV67_B_HHLDWORK,Population By Lit Sts And Reason: b_hhldwork (Census 2021),"Source column b_hhldwork from Indv67_PopulationByLitStsAndReason.csv, National Population and Housing Census 2021. Source dimension labels and codes are preserved in observation breakdowns; opaque source vocabulary is not guessed.",PERSONS,population,Indv67_PopulationByLitStsAndReason:b_hhldwork
CENSUS_INDV67_C_HHLDCHORE,Population By Lit Sts And Reason: c_hhldchore (Census 2021),"Source column c_hhldchore from Indv67_PopulationByLitStsAndReason.csv, National Population and Housing Census 2021. Source dimension labels and codes are preserved in observation breakdowns; opaque source vocabulary is not guessed.",PERSONS,population,Indv67_PopulationByLitStsAndReason:c_hhldchore
CENSUS_INDV67_D_AGED,Population By Lit Sts And Reason: d_aged (Census 2021),"Source column d_aged from Indv67_PopulationByLitStsAndReason.csv, National Population and Housing Census 2021. Source dimension labels and codes are preserved in observation breakdowns; opaque source vocabulary is not guessed.",PERSONS,population,Indv67_PopulationByLitStsAndReason:d_aged
CENSUS_INDV67_E_DISABLE,Population By Lit Sts And Reason: e_disable (Census 2021),"Source column e_disable from Indv67_PopulationByLitStsAndReason.csv, National Population and Housing Census 2021. Source dimension labels and codes are preserved in observation breakdowns; opaque source vocabulary is not guessed.",PERSONS,population,Indv67_PopulationByLitStsAndReason:e_disable
CENSUS_INDV67_F_PENSON,Population By Lit Sts And Reason: f_penson (Census 2021),"Source column f_penson from Indv67_PopulationByLitStsAndReason.csv, National Population and Housing Census 2021. Source dimension labels and codes are preserved in observation breakdowns; opaque source vocabulary is not guessed.",PERSONS,population,Indv67_PopulationByLitStsAndReason:f_penson
CENSUS_INDV67_G_SOCIALWORK,Population By Lit Sts And Reason: g_socialwork (Census 2021),"Source column g_socialwork from Indv67_PopulationByLitStsAndReason.csv, National Population and Housing Census 2021. Source dimension labels and codes are preserved in observation breakdowns; opaque source vocabulary is not guessed.",PERSONS,population,Indv67_PopulationByLitStsAndReason:g_socialwork
CENSUS_INDV67_H_OTHER,Population By Lit Sts And Reason: h_other (Census 2021),"Source column h_other from Indv67_PopulationByLitStsAndReason.csv, National Population and Housing Census 2021. Source dimension labels and codes are preserved in observation breakdowns; opaque source vocabulary is not guessed.",PERSONS,population,Indv67_PopulationByLitStsAndReason:h_other
CENSUS_INDV67_I_NOTSTD,Population By Lit Sts And Reason: i_notstd (Census 2021),"Source column i_notstd from Indv67_PopulationByLitStsAndReason.csv, National Population and Housing Census 2021. Source dimension labels and codes are preserved in observation breakdowns; opaque source vocabulary is not guessed.",PERSONS,population,Indv67_PopulationByLitStsAndReason:i_notstd
CENSUS_INDV68_ROWTOTAL,Population By Work Month And Reason: rowtotal (Census 2021),"Source column rowtotal from Indv68_PopulationByWorkMonthAndReason.csv, National Population and Housing Census 2021. Source dimension labels and codes are preserved in observation breakdowns; opaque source vocabulary is not guessed.",PERSONS,labor,Indv68_PopulationByWorkMonthAndReason:rowtotal
CENSUS_INDV68_A_STUDENT,Population By Work Month And Reason: a_student (Census 2021),"Source column a_student from Indv68_PopulationByWorkMonthAndReason.csv, National Population and Housing Census 2021. Source dimension labels and codes are preserved in observation breakdowns; opaque source vocabulary is not guessed.",PERSONS,labor,Indv68_PopulationByWorkMonthAndReason:a_student
CENSUS_INDV68_B_HHLDWORK,Population By Work Month And Reason: b_hhldwork (Census 2021),"Source column b_hhldwork from Indv68_PopulationByWorkMonthAndReason.csv, National Population and Housing Census 2021. Source dimension labels and codes are preserved in observation breakdowns; opaque source vocabulary is not guessed.",PERSONS,labor,Indv68_PopulationByWorkMonthAndReason:b_hhldwork
CENSUS_INDV68_C_HHLDCHORE,Population By Work Month And Reason: c_hhldchore (Census 2021),"Source column c_hhldchore from Indv68_PopulationByWorkMonthAndReason.csv, National Population and Housing Census 2021. Source dimension labels and codes are preserved in observation breakdowns; opaque source vocabulary is not guessed.",PERSONS,labor,Indv68_PopulationByWorkMonthAndReason:c_hhldchore
CENSUS_INDV68_D_AGED,Population By Work Month And Reason: d_aged (Census 2021),"Source column d_aged from Indv68_PopulationByWorkMonthAndReason.csv, National Population and Housing Census 2021. Source dimension labels and codes are preserved in observation breakdowns; opaque source vocabulary is not guessed.",PERSONS,labor,Indv68_PopulationByWorkMonthAndReason:d_aged
CENSUS_INDV68_E_DISABLE,Population By Work Month And Reason: e_disable (Census 2021),"Source column e_disable from Indv68_PopulationByWorkMonthAndReason.csv, National Population and Housing Census 2021. Source dimension labels and codes are preserved in observation breakdowns; opaque source vocabulary is not guessed.",PERSONS,labor,Indv68_PopulationByWorkMonthAndReason:e_disable
CENSUS_INDV68_F_PENSON,Population By Work Month And Reason: f_penson (Census 2021),"Source column f_penson from Indv68_PopulationByWorkMonthAndReason.csv, National Population and Housing Census 2021. Source dimension labels and codes are preserved in observation breakdowns; opaque source vocabulary is not guessed.",PERSONS,labor,Indv68_PopulationByWorkMonthAndReason:f_penson
CENSUS_INDV68_G_SOCIALWORK,Population By Work Month And Reason: g_socialwork (Census 2021),"Source column g_socialwork from Indv68_PopulationByWorkMonthAndReason.csv, National Population and Housing Census 2021. Source dimension labels and codes are preserved in observation breakdowns; opaque source vocabulary is not guessed.",PERSONS,labor,Indv68_PopulationByWorkMonthAndReason:g_socialwork
CENSUS_INDV68_H_OTHER,Population By Work Month And Reason: h_other (Census 2021),"Source column h_other from Indv68_PopulationByWorkMonthAndReason.csv, National Population and Housing Census 2021. Source dimension labels and codes are preserved in observation breakdowns; opaque source vocabulary is not guessed.",PERSONS,labor,Indv68_PopulationByWorkMonthAndReason:h_other
CENSUS_INDV68_I_NOTSTD,Population By Work Month And Reason: i_notstd (Census 2021),"Source column i_notstd from Indv68_PopulationByWorkMonthAndReason.csv, National Population and Housing Census 2021. Source dimension labels and codes are preserved in observation breakdowns; opaque source vocabulary is not guessed.",PERSONS,labor,Indv68_PopulationByWorkMonthAndReason:i_notstd
CENSUS_INDV69_ROWTOTAL,Population By Liv Arrng Of Children: rowtotal (Census 2021),"Source column rowtotal from Indv69_PopulationByLivArrngOfChildren.csv, National Population and Housing Census 2021. Source dimension labels and codes are preserved in observation breakdowns; opaque source vocabulary is not guessed.",PERSONS,population,Indv69_PopulationByLivArrngOfChildren:rowtotal
CENSUS_INDV69_A_MOTHRFATHR,Population By Liv Arrng Of Children: a_MothrFathr (Census 2021),"Source column a_MothrFathr from Indv69_PopulationByLivArrngOfChildren.csv, National Population and Housing Census 2021. Source dimension labels and codes are preserved in observation breakdowns; opaque source vocabulary is not guessed.",PERSONS,population,Indv69_PopulationByLivArrngOfChildren:a_MothrFathr
CENSUS_INDV69_B_MOTHRONLY,Population By Liv Arrng Of Children: b_MothrOnly (Census 2021),"Source column b_MothrOnly from Indv69_PopulationByLivArrngOfChildren.csv, National Population and Housing Census 2021. Source dimension labels and codes are preserved in observation breakdowns; opaque source vocabulary is not guessed.",PERSONS,population,Indv69_PopulationByLivArrngOfChildren:b_MothrOnly
CENSUS_INDV69_C_FATHRONLY,Population By Liv Arrng Of Children: c_FathrOnly (Census 2021),"Source column c_FathrOnly from Indv69_PopulationByLivArrngOfChildren.csv, National Population and Housing Census 2021. Source dimension labels and codes are preserved in observation breakdowns; opaque source vocabulary is not guessed.",PERSONS,population,Indv69_PopulationByLivArrngOfChildren:c_FathrOnly
CENSUS_INDV69_D_FATHRSTEPMOTHR,Population By Liv Arrng Of Children: d_FathrStepMothr (Census 2021),"Source column d_FathrStepMothr from Indv69_PopulationByLivArrngOfChildren.csv, National Population and Housing Census 2021. Source dimension labels and codes are preserved in observation breakdowns; opaque source vocabulary is not guessed.",PERSONS,population,Indv69_PopulationByLivArrngOfChildren:d_FathrStepMothr
CENSUS_INDV69_E_MOTHRSTEPFATHR,Population By Liv Arrng Of Children: e_MothrStepFathr (Census 2021),"Source column e_MothrStepFathr from Indv69_PopulationByLivArrngOfChildren.csv, National Population and Housing Census 2021. Source dimension labels and codes are preserved in observation breakdowns; opaque source vocabulary is not guessed.",PERSONS,population,Indv69_PopulationByLivArrngOfChildren:e_MothrStepFathr
CENSUS_INDV69_F_OTHRRELATIV,Population By Liv Arrng Of Children: f_OthrRelativ (Census 2021),"Source column f_OthrRelativ from Indv69_PopulationByLivArrngOfChildren.csv, National Population and Housing Census 2021. Source dimension labels and codes are preserved in observation breakdowns; opaque source vocabulary is not guessed.",PERSONS,population,Indv69_PopulationByLivArrngOfChildren:f_OthrRelativ
CENSUS_INDV69_G_EMPLOYR,Population By Liv Arrng Of Children: g_Employr (Census 2021),"Source column g_Employr from Indv69_PopulationByLivArrngOfChildren.csv, National Population and Housing Census 2021. Source dimension labels and codes are preserved in observation breakdowns; opaque source vocabulary is not guessed.",PERSONS,population,Indv69_PopulationByLivArrngOfChildren:g_Employr
CENSUS_INDV69_H_OTHR,Population By Liv Arrng Of Children: h_Othr (Census 2021),"Source column h_Othr from Indv69_PopulationByLivArrngOfChildren.csv, National Population and Housing Census 2021. Source dimension labels and codes are preserved in observation breakdowns; opaque source vocabulary is not guessed.",PERSONS,population,Indv69_PopulationByLivArrngOfChildren:h_Othr
CENSUS_INDV69_I_NOTSTD,Population By Liv Arrng Of Children: i_notstd (Census 2021),"Source column i_notstd from Indv69_PopulationByLivArrngOfChildren.csv, National Population and Housing Census 2021. Source dimension labels and codes are preserved in observation breakdowns; opaque source vocabulary is not guessed.",PERSONS,population,Indv69_PopulationByLivArrngOfChildren:i_notstd
CENSUS_INDV70_ROWTOTAL,Population By Liv Arrng Of Children: rowtotal (Census 2021),"Source column rowtotal from Indv70_PopulationByLivArrngOfChildren.csv, National Population and Housing Census 2021. Source dimension labels and codes are preserved in observation breakdowns; opaque source vocabulary is not guessed.",PERSONS,population,Indv70_PopulationByLivArrngOfChildren:rowtotal
CENSUS_INDV70_A_MOTHRFATHR,Population By Liv Arrng Of Children: a_MothrFathr (Census 2021),"Source column a_MothrFathr from Indv70_PopulationByLivArrngOfChildren.csv, National Population and Housing Census 2021. Source dimension labels and codes are preserved in observation breakdowns; opaque source vocabulary is not guessed.",PERSONS,population,Indv70_PopulationByLivArrngOfChildren:a_MothrFathr
CENSUS_INDV70_B_MOTHRONLY,Population By Liv Arrng Of Children: b_MothrOnly (Census 2021),"Source column b_MothrOnly from Indv70_PopulationByLivArrngOfChildren.csv, National Population and Housing Census 2021. Source dimension labels and codes are preserved in observation breakdowns; opaque source vocabulary is not guessed.",PERSONS,population,Indv70_PopulationByLivArrngOfChildren:b_MothrOnly
CENSUS_INDV70_C_FATHRONLY,Population By Liv Arrng Of Children: c_FathrOnly (Census 2021),"Source column c_FathrOnly from Indv70_PopulationByLivArrngOfChildren.csv, National Population and Housing Census 2021. Source dimension labels and codes are preserved in observation breakdowns; opaque source vocabulary is not guessed.",PERSONS,population,Indv70_PopulationByLivArrngOfChildren:c_FathrOnly
CENSUS_INDV70_D_FATHRSTEPMOTHR,Population By Liv Arrng Of Children: d_FathrStepMothr (Census 2021),"Source column d_FathrStepMothr from Indv70_PopulationByLivArrngOfChildren.csv, National Population and Housing Census 2021. Source dimension labels and codes are preserved in observation breakdowns; opaque source vocabulary is not guessed.",PERSONS,population,Indv70_PopulationByLivArrngOfChildren:d_FathrStepMothr
CENSUS_INDV70_E_MOTHRSTEPFATHR,Population By Liv Arrng Of Children: e_MothrStepFathr (Census 2021),"Source column e_MothrStepFathr from Indv70_PopulationByLivArrngOfChildren.csv, National Population and Housing Census 2021. Source dimension labels and codes are preserved in observation breakdowns; opaque source vocabulary is not guessed.",PERSONS,population,Indv70_PopulationByLivArrngOfChildren:e_MothrStepFathr
CENSUS_INDV70_F_OTHRRELATIV,Population By Liv Arrng Of Children: f_OthrRelativ (Census 2021),"Source column f_OthrRelativ from Indv70_PopulationByLivArrngOfChildren.csv, National Population and Housing Census 2021. Source dimension labels and codes are preserved in observation breakdowns; opaque source vocabulary is not guessed.",PERSONS,population,Indv70_PopulationByLivArrngOfChildren:f_OthrRelativ
CENSUS_INDV70_G_EMPLOYR,Population By Liv Arrng Of Children: g_Employr (Census 2021),"Source column g_Employr from Indv70_PopulationByLivArrngOfChildren.csv, National Population and Housing Census 2021. Source dimension labels and codes are preserved in observation breakdowns; opaque source vocabulary is not guessed.",PERSONS,population,Indv70_PopulationByLivArrngOfChildren:g_Employr
CENSUS_INDV70_H_OTHR,Population By Liv Arrng Of Children: h_Othr (Census 2021),"Source column h_Othr from Indv70_PopulationByLivArrngOfChildren.csv, National Population and Housing Census 2021. Source dimension labels and codes are preserved in observation breakdowns; opaque source vocabulary is not guessed.",PERSONS,population,Indv70_PopulationByLivArrngOfChildren:h_Othr
CENSUS_INDV70_I_NOTSTD,Population By Liv Arrng Of Children: i_notstd (Census 2021),"Source column i_notstd from Indv70_PopulationByLivArrngOfChildren.csv, National Population and Housing Census 2021. Source dimension labels and codes are preserved in observation breakdowns; opaque source vocabulary is not guessed.",PERSONS,population,Indv70_PopulationByLivArrngOfChildren:i_notstd
CENSUS_INDV71_ROWTOTAL,Population By Birth Registration: rowtotal (Census 2021),"Source column rowtotal from Indv71_PopulationByBirthRegistration.csv, National Population and Housing Census 2021. Source dimension labels and codes are preserved in observation breakdowns; opaque source vocabulary is not guessed.",PERSONS,population,Indv71_PopulationByBirthRegistration:rowtotal
CENSUS_INDV71_AGE0YR,Population By Birth Registration: age0yr (Census 2021),"Source column age0yr from Indv71_PopulationByBirthRegistration.csv, National Population and Housing Census 2021. Source dimension labels and codes are preserved in observation breakdowns; opaque source vocabulary is not guessed.",PERSONS,population,Indv71_PopulationByBirthRegistration:age0yr
CENSUS_INDV71_AGE1YR,Population By Birth Registration: age1yr (Census 2021),"Source column age1yr from Indv71_PopulationByBirthRegistration.csv, National Population and Housing Census 2021. Source dimension labels and codes are preserved in observation breakdowns; opaque source vocabulary is not guessed.",PERSONS,population,Indv71_PopulationByBirthRegistration:age1yr
CENSUS_INDV71_AGE2YR,Population By Birth Registration: age2yr (Census 2021),"Source column age2yr from Indv71_PopulationByBirthRegistration.csv, National Population and Housing Census 2021. Source dimension labels and codes are preserved in observation breakdowns; opaque source vocabulary is not guessed.",PERSONS,population,Indv71_PopulationByBirthRegistration:age2yr
CENSUS_INDV71_AGE3YR,Population By Birth Registration: age3yr (Census 2021),"Source column age3yr from Indv71_PopulationByBirthRegistration.csv, National Population and Housing Census 2021. Source dimension labels and codes are preserved in observation breakdowns; opaque source vocabulary is not guessed.",PERSONS,population,Indv71_PopulationByBirthRegistration:age3yr
CENSUS_INDV71_AGE4YR,Population By Birth Registration: age4yr (Census 2021),"Source column age4yr from Indv71_PopulationByBirthRegistration.csv, National Population and Housing Census 2021. Source dimension labels and codes are preserved in observation breakdowns; opaque source vocabulary is not guessed.",PERSONS,population,Indv71_PopulationByBirthRegistration:age4yr
CENSUS_INDV71_AGE5YR,Population By Birth Registration: age5yr (Census 2021),"Source column age5yr from Indv71_PopulationByBirthRegistration.csv, National Population and Housing Census 2021. Source dimension labels and codes are preserved in observation breakdowns; opaque source vocabulary is not guessed.",PERSONS,population,Indv71_PopulationByBirthRegistration:age5yr
